file_path,zcr,spectral_centroid,spectral_rolloff,mfcc_0,mfcc_1,mfcc_2,mfcc_3,mfcc_4,mfcc_5,mfcc_6,mfcc_7,mfcc_8,mfcc_9,mfcc_10,mfcc_11,mfcc_12,chroma_0,chroma_1,chroma_2,chroma_3,chroma_4,chroma_5,chroma_6,chroma_7,chroma_8,chroma_9,chroma_10,chroma_11
birdsounds\xc101371.flac,0.5703624885740403,6172.901925974519,7386.341380898652,-636.15424,-19.553493,8.999573,-6.8583093,2.6706152,7.493067,-13.188851,14.840856,-18.969805,19.471676,-12.047686,5.1943483,-1.4657205,0.070619516,0.065521486,0.054488838,0.04887777,0.06369573,0.10328997,0.14426225,0.22893439,0.41837057,0.73233694,0.5103537,0.116290785
birdsounds\xc101377.flac,0.24736526726843025,2879.0297183118782,3830.443451538668,-508.97983,-4.325205,-39.670578,3.8638685,4.8625617,1.7750933,7.497664,-1.4836172,0.7141278,-1.2691225,-7.9194174,-1.2936655,5.247331,0.42696235,0.32892856,0.2255774,0.16596237,0.18108058,0.19256644,0.25968203,0.21875826,0.20843461,0.20956418,0.26686355,0.4198376
birdsounds\xc101862.flac,0.5232723460477942,6177.519174897554,8136.764131433823,-795.5379,-143.45088,58.78977,24.008863,-57.974365,41.470863,-1.7767226,-14.371585,10.208761,12.650118,-17.43765,14.2356205,3.6255782,0.5516039,0.53315496,0.47378814,0.37375537,0.32679638,0.29307976,0.27317494,0.27211273,0.30154064,0.45991394,0.5480564,0.56726676
birdsounds\xc101932.flac,0.3676214621750302,4639.337791363301,7378.780371448005,-721.7138,-75.53075,-73.765816,15.11451,5.051668,23.512499,23.851076,-14.790277,-14.201788,-2.0147204,-1.2815464,19.843008,4.7521234,0.4363841,0.5102112,0.5412981,0.56233096,0.46367303,0.42455915,0.40848306,0.38820377,0.3559008,0.36585808,0.4140532,0.41375458
birdsounds\xc101933.flac,0.41150235695708715,5096.981158302996,7801.655902044051,-722.9058,-117.29968,-53.90146,46.463905,24.241049,-4.4245024,-11.918976,-7.384314,8.268317,16.107534,-3.5450199,-2.9208033,-4.1717234,0.52121776,0.51264507,0.4818084,0.42906103,0.34494317,0.33842763,0.39657414,0.4121511,0.46057305,0.49263522,0.4770392,0.49202463
birdsounds\xc101934.flac,0.47141757457092637,5705.69952535981,7639.424773185484,-730.06555,-166.39117,34.16608,56.0951,-63.231686,10.17462,21.475512,-8.350937,-19.6143,24.509098,-1.7728567,-9.825319,4.890956,0.39114785,0.35792693,0.3188447,0.25560108,0.23442578,0.2826169,0.33074805,0.4420572,0.6232452,0.7024695,0.60551286,0.47946554
birdsounds\xc101935.flac,0.37825941765445403,4811.1151762510935,7038.661351697198,-665.90735,-129.64024,-55.40827,67.01553,17.218563,-8.365173,-37.342327,20.182108,18.2791,1.374107,-19.1717,3.4067302,9.236975,0.5641849,0.48622018,0.43733633,0.40074766,0.379272,0.37175524,0.30510274,0.26482758,0.27567935,0.36074373,0.5153286,0.6237528
birdsounds\xc101936.flac,0.5540287809551887,6387.554560522858,8572.733822228774,-686.1743,-130.5388,41.15448,31.499418,-41.04893,12.174726,14.524585,-8.0127,-10.963448,21.45095,-9.950209,-1.8509967,5.3177524,0.51197946,0.6039232,0.4562686,0.3629687,0.29312387,0.22816755,0.27764076,0.3693351,0.47596794,0.5680549,0.58054966,0.50309956
birdsounds\xc101940.flac,0.12141277374402934,2448.2852389872273,5076.898949270727,-541.0741,69.49362,-11.843022,-17.736479,-29.092562,-34.337616,-35.955368,-28.937895,-20.628479,-16.749666,-11.54812,-1.0019462,1.5657508,0.46519184,0.2840016,0.23779596,0.30401263,0.493803,0.48667672,0.30653477,0.33767048,0.27378425,0.29197016,0.32571205,0.41900086
birdsounds\xc101941.flac,0.05903650502689549,1812.203097689269,3931.0009565509736,-624.0946,82.46083,41.50521,24.964619,2.3414257,-8.81997,-11.815827,-16.150316,-12.647563,-10.919985,-7.600429,2.2195885,9.568345,0.5067757,0.3033505,0.2547555,0.23272738,0.24588107,0.2546958,0.28028357,0.34255794,0.3528809,0.42528003,0.52080894,0.67423713
birdsounds\xc102048.flac,0.46942440366563687,5834.3697994785425,8374.512414968513,-716.57794,-92.35048,21.51388,34.963634,-38.26684,9.857783,16.601473,-13.250902,-2.381883,12.677754,-4.1210985,-4.7814145,6.61689,0.45534435,0.42747542,0.38772038,0.3470864,0.2690119,0.22446856,0.2830789,0.44355872,0.4920058,0.45166236,0.43822145,0.49223682
birdsounds\xc102060.flac,0.25420190994690167,3769.4736317614093,7580.574334872916,-539.8244,53.755756,3.078922,-2.1167164,-16.106205,5.7141767,6.379275,3.070264,0.83164936,2.00129,-0.8167781,2.139891,-5.205102,0.5923835,0.5867237,0.61644745,0.60174686,0.6008174,0.55315,0.5451753,0.5242226,0.5255309,0.5460268,0.5695438,0.5942327
birdsounds\xc102106.flac,0.28625927985634647,4051.690383568683,6689.106721698113,-580.8893,45.79606,24.880692,19.751463,-28.392672,26.535988,7.682783,7.795791,23.50203,-4.830852,6.9797277,8.8175,-6.005084,0.42404974,0.56036043,0.47439802,0.39489704,0.3573765,0.34499595,0.3826627,0.36849818,0.35505256,0.3207752,0.29593486,0.32010952
birdsounds\xc102107.flac,0.4459373051489892,5250.879767743613,7508.021336698444,-674.85364,-72.95788,-23.458347,41.185276,-14.351325,11.134609,-6.9582067,-11.175581,13.865146,1.5484784,-3.263843,0.4505388,-4.760129,0.34552816,0.41541427,0.499377,0.5401079,0.33836415,0.24833079,0.265572,0.35083336,0.3602426,0.32547224,0.330361,0.3421265
birdsounds\xc102278.flac,0.35140905028059377,4773.9767572147275,7729.7884267797335,-777.84393,-125.12329,-49.265003,65.57596,13.730554,-33.99776,-8.580918,19.221247,13.283807,-6.237346,-12.638255,13.688235,8.907067,0.60050213,0.70029646,0.7137951,0.6484868,0.5694504,0.44728985,0.3177059,0.25161764,0.2586113,0.27825683,0.31595173,0.45075497
birdsounds\xc102788.flac,0.33333818461251863,4371.494320401957,7685.088792962929,-446.5266,4.722322,-24.545385,2.3156214,0.5927821,19.513264,0.5483768,-1.2940861,4.766595,4.5451045,-1.210324,2.886268,9.224792,0.5196838,0.43815887,0.37107378,0.37724075,0.41885835,0.42603558,0.4325337,0.46531603,0.52405643,0.57035697,0.5658115,0.5537351
birdsounds\xc102803.flac,0.37520824840065226,4708.592899380012,7480.427320818176,-649.5829,-49.61863,-61.270565,-2.903534,-5.4987054,32.32551,15.996243,-11.479977,0.1843383,-13.031884,-6.0623264,12.647542,-0.90248585,0.44075638,0.6675443,0.73760885,0.6240434,0.5665175,0.48384464,0.42537057,0.39223966,0.37371585,0.33608738,0.32183054,0.34785843
birdsounds\xc102868.flac,0.3292355007595486,4539.490944207941,8011.575889587402,-403.12772,-15.587653,-20.478611,23.281523,22.156746,5.6620145,-0.2047686,3.8689973,-4.505004,8.116171,8.968082,4.768316,-0.34841526,0.5261147,0.54503757,0.5698068,0.5926783,0.5947436,0.6477957,0.70025146,0.6886519,0.615967,0.5509591,0.5343395,0.53806156
birdsounds\xc102869.flac,0.1597854708224775,3180.4581212874664,6270.232098975604,-396.00003,23.964108,-21.322561,31.340853,33.57426,17.436642,3.4378633,7.694475,-3.9716294,4.728026,6.9817595,6.682962,5.7340584,0.4574633,0.4769709,0.4606043,0.4608948,0.48236057,0.5270728,0.56105846,0.5966834,0.5429391,0.46823183,0.43689084,0.4311424
birdsounds\xc102932.flac,0.317963351798904,3855.0098594783494,5805.604501960105,-355.45206,10.10264,-27.684528,39.4585,-27.815159,2.2324069,-3.8512404,6.1309853,-5.364355,1.7065287,-4.4834433,-0.61241597,0.65431094,0.400967,0.3739784,0.3695129,0.37524486,0.33431894,0.30126894,0.3388347,0.39537928,0.405359,0.38083532,0.3285353,0.3700268
birdsounds\xc103145.flac,0.28089721525363465,3962.351270125875,6755.4435797497235,-428.35138,50.683796,5.537931,0.32738668,-13.452169,-1.0329928,-21.421555,2.4425921,-24.608597,1.1315995,-14.919481,4.517368,-0.14917347,0.47873354,0.441407,0.383232,0.32456073,0.28496674,0.26868913,0.29065323,0.33469325,0.40060842,0.48705465,0.5509111,0.52403325
birdsounds\xc106846.flac,0.45299367981307403,5186.09386347035,7604.706560347302,-602.3504,-40.56617,-27.708117,3.1881497,-39.962395,-20.147108,-15.270183,-1.6629668,-19.765789,-3.4619734,-9.145176,-0.8505097,1.2205622,0.4051459,0.32660198,0.2504554,0.2782667,0.29473993,0.28917944,0.3420177,0.38887697,0.4551946,0.54026306,0.39782062,0.34067526
birdsounds\xc108002.flac,0.19436703286359724,2708.720113509328,4954.866634506777,-431.3765,74.31775,-47.35024,9.162242,-26.778467,5.3452673,-14.966103,-2.030296,-12.8365,4.180405,-15.872387,-4.417552,-5.5503902,0.5896471,0.54201573,0.49032542,0.43917888,0.41438174,0.41748962,0.46769693,0.5555321,0.644593,0.6350228,0.6265518,0.6497477
birdsounds\xc110167.flac,0.18091102704390116,2389.4799960598484,3207.4283443414824,-326.92072,46.2223,-52.655323,14.619247,25.782593,-21.948917,-34.800926,10.221246,12.629177,-16.718431,-28.29821,2.8363917,3.5255353,0.414218,0.76012915,0.31981403,0.13906555,0.12541358,0.114036955,0.08803586,0.07114912,0.07335897,0.09834285,0.1884002,0.26922157
birdsounds\xc110303.flac,0.460800020417283,5370.480201664813,6830.240716877774,-434.08545,-76.42018,62.681503,35.11541,-61.77966,62.968746,-34.4279,2.2587383,-9.955427,-8.226356,-7.6506863,-4.7041016,-3.2899525,0.05810283,0.14063144,0.35958475,0.39583424,0.60940367,0.6773012,0.43060303,0.29695615,0.20766564,0.17477846,0.07674897,0.05166886
birdsounds\xc113082.flac,0.5297732080954323,5563.035908896102,7295.5756780179445,-445.60947,-109.00064,-59.622234,18.965427,-37.319866,27.089764,-24.84926,12.938616,-28.257845,10.892463,-23.878263,-0.25130892,-10.850474,0.31223145,0.27209055,0.25180173,0.22070038,0.21205433,0.21010573,0.26854333,0.4589317,0.7056212,0.7090458,0.532241,0.39297056
birdsounds\xc113089.flac,0.1682001869973983,2389.0185077640913,4070.4171085989237,-443.6595,50.503475,-52.61348,-11.216705,-5.3392644,-15.575801,-13.166667,-6.6783533,-4.8656187,-10.672359,-11.750929,0.310272,-1.2745826,0.73474956,0.513277,0.4909657,0.45117587,0.4166319,0.3968449,0.41034588,0.44780144,0.4904926,0.5144475,0.5335863,0.6250715
birdsounds\xc113905.flac,0.1786930436002994,2991.363952175574,6406.434810067365,-300.31186,74.242874,-13.14475,2.5799158,-8.1868105,2.5535438,-2.658698,4.184784,-5.868649,-2.526063,-6.806394,-0.24879368,-2.1774077,0.6900407,0.64583635,0.5912247,0.54501545,0.5190965,0.54253066,0.55069613,0.53058165,0.53617173,0.5657028,0.6302154,0.71666193
birdsounds\xc116226.flac,0.04896304481907895,1224.57083786108,2290.877814041941,-266.61694,146.94798,0.7425145,21.890026,10.566869,17.786598,1.4504975,-5.037387,-8.669842,-0.09072916,-0.5030895,3.902834,1.8123496,0.6020711,0.54130596,0.54492885,0.58278674,0.5801905,0.5869783,0.53566086,0.51424384,0.52841896,0.5783386,0.60086286,0.63311964
birdsounds\xc118363.flac,0.20133515876205788,3006.8642237474505,5030.460899819132,-411.932,7.5739627,-108.71193,-23.044853,-4.8071556,-0.2624965,-0.701355,-2.097216,-8.962713,-3.1092157,-8.193304,-5.0477543,0.02422664,0.5676746,0.5429863,0.46246484,0.44592473,0.5209066,0.6003945,0.71743345,0.76684785,0.6798128,0.538303,0.5428702,0.59211046
birdsounds\xc118441.flac,0.40069118467699577,4266.783304701704,6178.864422966452,-339.5965,24.066952,-2.0943944,37.876976,-20.245182,30.233484,-14.773557,8.011409,1.6789147,-3.2706704,10.826738,-3.9905453,4.3121257,0.25027326,0.25066817,0.3633433,0.5202879,0.78671443,0.6009004,0.3316846,0.27740306,0.22494568,0.21265426,0.20782025,0.24476245
birdsounds\xc120664.flac,0.39018948637583273,5417.6699124903225,6718.740907975429,-254.62712,-17.960802,43.61518,46.601116,-23.83819,55.592922,-24.357824,20.083464,-7.989902,9.169698,5.6506176,-7.4301214,13.276121,0.051273365,0.0633074,0.07308398,0.0867791,0.09441986,0.32814148,0.93091995,0.6741991,0.254116,0.099929504,0.05167029,0.0462929
birdsounds\xc120666.flac,0.3955665310098824,4820.485637435768,6433.679346128032,-320.41428,-15.561859,7.293098,57.30596,-12.291506,36.049744,-24.136879,22.99991,11.207019,2.8976328,9.012495,2.4436665,17.219893,0.18983924,0.18694498,0.2194228,0.2592699,0.27502456,0.41776478,0.79569894,0.5041488,0.16094251,0.11772724,0.14933236,0.1968388
birdsounds\xc121016.flac,0.3501252984585313,4195.0951589339475,6420.393889873441,-372.82733,-56.03714,-102.27619,-28.332575,-46.598904,-10.66046,-6.3212094,-4.93095,-5.5495586,12.350646,-0.91888857,5.7517767,4.0021234,0.402721,0.34846365,0.32237193,0.35475662,0.42076555,0.33398288,0.34608564,0.38698244,0.47465962,0.5171659,0.5010412,0.4611249
birdsounds\xc121168.flac,0.1761509026319736,2437.6927312338557,4230.673757826559,-448.8498,87.28294,-26.504139,34.03074,-42.72171,-21.687452,-6.9389105,-21.065382,-31.979322,-13.1698265,-14.013626,-10.760446,-3.5947928,0.41313466,0.37252623,0.3233039,0.23758104,0.23055224,0.35916197,0.43941358,0.42048198,0.4025808,0.3493694,0.40115336,0.43499115
birdsounds\xc121326.flac,0.25736706305818985,3842.1343800744708,7693.042635076909,-387.4132,39.03622,-17.26956,-4.264142,-11.5426445,2.5880973,-1.12794,3.0944974,-0.04927215,4.614103,-1.2400227,4.339034,1.3406541,0.7422348,0.6687103,0.6690631,0.6902607,0.6575565,0.6494539,0.66793144,0.6353753,0.62529033,0.63416123,0.679315,0.742562
birdsounds\xc121597.flac,0.20736614133839087,3205.6995512877456,5468.737001822627,-358.9314,45.16555,0.531131,54.26465,-7.546594,14.22444,21.816729,-7.1013956,8.331346,14.442679,4.2914314,8.979603,5.386111,0.5679773,0.57925606,0.50111216,0.44804326,0.43509454,0.43746233,0.42709616,0.4678116,0.47996062,0.513383,0.53181314,0.5576527
birdsounds\xc121601.flac,0.32134337203499297,3706.588763564993,4911.1764527800615,-313.36002,0.26342878,-31.510134,85.19855,-11.676107,2.1510994,-1.4449675,-15.892793,3.6325238,3.5082238,-0.5191464,5.5793266,5.7411723,0.35443312,0.36151046,0.26347813,0.2326944,0.19676143,0.1930136,0.2028419,0.25061676,0.2764375,0.29251835,0.34546605,0.40276286
birdsounds\xc121677.flac,0.11828020706917476,2473.519147266133,5569.468911180218,-303.56116,99.340866,-1.7775618,-2.2595088,9.711389,11.202765,-6.3997293,-9.154135,-8.4577265,-1.9828142,-3.718848,-0.79900265,-0.6074913,0.62639934,0.58255595,0.5195531,0.56706816,0.548119,0.6198366,0.6953869,0.63023883,0.5782706,0.51661247,0.5032905,0.54237634
birdsounds\xc121691.flac,0.13787176899869538,2335.095674678294,4392.225626070205,-327.56744,92.189735,-44.193523,-10.168886,5.7692585,11.697087,-0.9794101,6.8670053,-0.008880505,1.5052849,-0.04382802,4.843244,2.411439,0.67118627,0.61092806,0.5671368,0.5376428,0.5201661,0.5333994,0.56237775,0.5690234,0.55908775,0.58008873,0.655867,0.69148254
birdsounds\xc121735.flac,0.22610982259114584,3411.283205159494,6179.692840576172,-340.03903,-25.762564,-110.10153,-41.191715,-34.02584,-14.729372,-9.773213,8.19216,16.594934,18.22443,15.606303,13.550088,-6.141701,0.39101407,0.48208448,0.6368563,0.6105254,0.614564,0.6112175,0.54911625,0.5449797,0.4758321,0.47333658,0.43496534,0.40109164
birdsounds\xc121963.flac,0.14659710848973087,2634.196628822552,5046.2116014518415,-373.74158,70.04633,47.680058,50.18662,-3.9277618,34.029404,1.1230631,-0.11855962,0.93377763,-0.6790518,0.20091265,4.7372665,1.7634108,0.64358324,0.6137943,0.5745205,0.51859266,0.50068176,0.4911148,0.4747425,0.50445044,0.5304335,0.53503764,0.58291805,0.61644036
birdsounds\xc122548.flac,0.20443601502523456,3047.206910642206,5455.470992178614,-408.15988,63.656067,-4.113124,36.240047,-10.620237,6.517561,9.257152,-1.5954508,0.48645112,4.517431,0.5753428,8.693265,4.4708705,0.5193384,0.44369036,0.4175388,0.44039688,0.47801936,0.49169096,0.45492098,0.42327866,0.40384063,0.43759212,0.45044732,0.5062407
birdsounds\xc122555.flac,0.3158962121061426,3758.266468161735,5785.023177041892,-344.9469,38.2782,-13.028838,38.498188,-25.51085,8.931235,5.9105268,-5.7071395,4.735463,-2.119201,0.4980169,11.558422,-8.732875,0.48203894,0.43968195,0.5324415,0.32699108,0.27932012,0.26276812,0.2200561,0.2705791,0.38807675,0.33288386,0.2509694,0.32301044
birdsounds\xc123167.flac,0.1501151900885007,2659.8435743119658,4678.568167768105,-383.4274,48.14955,22.55387,53.656208,-13.555535,31.749395,7.4452925,8.058923,3.0115793,-6.941529,0.14053583,1.5343342,6.2534504,0.5231407,0.54502267,0.5725389,0.57588625,0.5807167,0.57511675,0.5221536,0.48321834,0.47953612,0.50369585,0.49782184,0.47067687
birdsounds\xc123168.flac,0.08190232383862373,1827.1687621581837,3409.6330401232335,-392.52756,67.086716,23.738827,50.030167,12.908797,22.010765,4.007191,-3.3333294,0.93223417,-7.2332134,-0.9303044,5.907159,8.181423,0.60223806,0.61033034,0.6355612,0.6468693,0.6040855,0.56103027,0.52698207,0.5284261,0.5361411,0.5652408,0.5782081,0.58633244
birdsounds\xc123169.flac,0.25987868230322847,3588.3399504131985,4545.207982081242,-282.72208,19.200104,-16.526417,121.48786,-32.162056,17.344772,32.660557,-0.30742094,19.061262,1.7822367,8.43111,13.385733,3.7153702,0.34153354,0.29835927,0.33578858,0.37483525,0.29703736,0.24116072,0.20057808,0.16462217,0.1633832,0.21266925,0.272003,0.33611488
birdsounds\xc123170.flac,0.24409310738076848,3478.9207133230116,4495.388775678371,-287.4603,27.548712,-15.147955,113.092224,-33.98663,10.793244,33.408287,2.8277538,20.423317,1.0744884,6.8126054,10.981359,3.7404222,0.31228104,0.30956382,0.3724009,0.36024597,0.27872422,0.26067585,0.20887074,0.18205668,0.20594312,0.2501773,0.30702722,0.3409794
birdsounds\xc123808.flac,0.23364058919933808,2853.199477512777,4757.228183022386,-331.17313,84.68119,-8.104791,65.958435,-18.634401,26.032408,5.404668,0.08074695,0.062841736,-6.0227294,-1.4372196,0.8597648,2.8970568,0.40459323,0.43115884,0.41451526,0.38438797,0.38253504,0.39084533,0.4096755,0.5041916,0.50014836,0.44087064,0.3958853,0.38070655
birdsounds\xc123810.flac,0.27562259253359594,3272.750242645581,5191.718136820117,-258.30933,45.736095,-36.56255,61.613323,-1.9445251,23.090807,-0.4889142,1.7549988,-5.582682,-3.9619222,-7.742737,0.57054126,0.8752051,0.4977729,0.49254435,0.46006072,0.44254148,0.4200418,0.3797342,0.38466156,0.42133048,0.44017464,0.43051553,0.4261521,0.44563153
birdsounds\xc124013.flac,0.10678601620802239,1518.830146911339,2299.3845287721547,-261.06473,165.58344,-16.052898,0.54273534,-19.59322,8.334811,-4.748855,-15.086299,-7.2844725,-2.2225132,-11.248944,-1.5171027,-6.7636886,0.5698071,0.6172844,0.6047425,0.607208,0.61849,0.6141151,0.5589198,0.5244104,0.52189565,0.53869754,0.537953,0.53049
birdsounds\xc124052.flac,0.22139493115859232,3013.489957854391,4286.76079396138,-276.4724,53.815643,-38.987755,101.02762,-18.83719,12.551055,16.350454,-13.039687,8.451298,6.72562,1.2227391,6.717367,3.7506344,0.52648205,0.4941629,0.37544033,0.29211023,0.3102685,0.30392858,0.3014047,0.36036012,0.4342175,0.4614055,0.5123106,0.5039113
birdsounds\xc124053.flac,0.23223683878712073,3016.8765624744397,4351.430799608618,-266.1019,62.005997,-46.834484,92.312744,-28.41224,10.140864,14.790547,-13.583495,10.381436,10.78124,0.9367058,6.4897466,0.96511966,0.5015282,0.3997401,0.33701524,0.31529626,0.3126091,0.31818625,0.34604728,0.39389604,0.43290552,0.5075386,0.5260964,0.5341631
birdsounds\xc125137.flac,0.09388771524234694,2316.986898223461,4882.10888671875,-310.07495,55.907154,29.591791,46.53202,2.039752,28.943476,14.337795,13.395533,17.718538,12.825521,9.488739,11.268278,6.850282,0.7042679,0.67312497,0.6627652,0.68779045,0.7279306,0.7121946,0.6253005,0.59806174,0.6125749,0.6436412,0.63497406,0.6628987
birdsounds\xc125486.flac,0.2491674330628034,3520.7846931429804,5979.39681266118,-428.07935,-14.587002,-73.36862,-8.94455,7.141592,36.508766,18.606884,11.4186735,-9.026533,-4.993388,2.6066005,11.616151,2.7675245,0.29675946,0.38169986,0.49289474,0.51906717,0.50699395,0.42422262,0.3251594,0.27280822,0.27567846,0.35932466,0.32924592,0.27645326
birdsounds\xc125777.flac,0.2433627244008274,3751.6673709645197,5992.793746063777,-357.33612,32.150936,21.77671,47.725304,-20.721418,27.075321,2.602839,5.012757,1.2412647,4.977751,6.86878,9.62644,7.603484,0.45067614,0.43395975,0.46480304,0.5014205,0.48710048,0.42505097,0.38446608,0.384606,0.42050183,0.4956481,0.49393293,0.46755064
birdsounds\xc125782.flac,0.20222200484704494,3283.0164640555577,5773.799206122971,-374.9529,37.219307,-5.6271267,57.574883,4.485103,10.218266,9.929248,2.239712,4.5722876,5.116469,1.4239105,11.0224,6.1406317,0.54045177,0.48951766,0.43978918,0.41976807,0.4104088,0.39457473,0.39268443,0.40954974,0.44582146,0.48650336,0.52774155,0.5371278
birdsounds\xc126481.flac,0.16132260543298074,2460.8150103620274,4274.3510191772575,-281.01578,57.973106,-97.303085,-13.084891,-40.572193,-1.8432602,-17.471296,-6.482609,-23.060156,-19.94388,-14.7872095,-5.193836,-0.45152736,0.55847347,0.5021767,0.41289005,0.3524286,0.3026175,0.32991484,0.29893556,0.28093663,0.2617103,0.25478587,0.32186115,0.4322575
birdsounds\xc127136.flac,0.2889523661587353,3669.500453517413,6277.9253585397655,-305.50278,-3.2720258,-83.808525,-25.381493,-30.98462,4.080921,-14.763487,-8.058001,-9.866622,-3.3665957,-5.3008842,-1.7294631,-9.024665,0.43425846,0.4554488,0.49309474,0.49639663,0.6479948,0.58629453,0.59775144,0.5568422,0.5548939,0.5160986,0.4776348,0.45978156
birdsounds\xc127996.flac,0.1886148607713257,3021.178140466305,5283.669958297752,-360.53577,45.1961,-17.737698,37.167583,21.63279,8.733687,-5.696661,5.253971,8.847879,3.0993035,2.6422937,7.567377,9.070031,0.4820811,0.41154027,0.39125463,0.36746156,0.34946492,0.35646155,0.34401074,0.34990036,0.34437323,0.34764916,0.3790715,0.4668466
birdsounds\xc128851.flac,0.09759393601190476,2014.892612634852,4005.17578125,-343.53293,94.84671,7.3694777,37.77794,-15.458032,2.0515406,-6.6479845,-8.535178,0.75113946,5.0250688,6.3952417,7.878217,11.99446,0.611435,0.4867092,0.4390072,0.42175528,0.42114156,0.4133727,0.37876728,0.3769212,0.37212396,0.3916886,0.46456793,0.5697935
birdsounds\xc128853.flac,0.05180590374305004,1786.6536355652133,3502.2583298686955,-378.48135,93.689064,20.886772,14.294182,2.990186,20.380934,1.5330296,15.510141,5.022299,11.854387,5.2927833,11.655782,5.5399327,0.643266,0.66237986,0.7017192,0.7642737,0.8122663,0.8236955,0.7776102,0.74533254,0.7583829,0.743497,0.6961219,0.62571937
birdsounds\xc129576.flac,0.18313930787705465,2515.2192226770626,4344.479178958657,-151.89952,71.26191,-94.31232,25.38468,-7.194621,32.879345,-12.28715,8.786573,15.790508,19.196846,1.4973836,12.437043,4.221383,0.5200372,0.37878507,0.26919487,0.22781572,0.24581723,0.30589202,0.37286234,0.4634159,0.5992658,0.6903297,0.70604795,0.6701182
birdsounds\xc129577.flac,0.19623051753746878,2671.613266041238,4491.600261500833,-112.784294,56.06682,-100.486336,17.747366,-12.062103,29.988714,-12.963356,7.8550377,16.157373,18.818295,-0.69093436,11.6822815,3.310253,0.5521683,0.3575917,0.2527001,0.20885368,0.22406827,0.27665427,0.33754587,0.43460158,0.5517442,0.6630582,0.71575373,0.6999706
birdsounds\xc130283.flac,0.11124605439753446,1773.179636040994,3004.7452762801977,-452.84644,129.78012,-48.07633,-3.2175395,-6.878139,10.011975,-0.5929845,4.0753355,-9.768278,-1.2789203,-8.357595,-4.6297507,-3.575999,0.48398748,0.46058476,0.43271208,0.39102462,0.43383002,0.45561418,0.4459955,0.48454174,0.52532077,0.4912182,0.46966162,0.47196665
birdsounds\xc130409.flac,0.4111513783269962,4623.667958474873,7446.352004223869,-466.48395,13.4193945,-5.0067353,13.633233,-27.655281,14.066278,-18.766352,5.9771748,-15.083358,3.1824558,-15.053526,1.5580502,-12.617731,0.6423678,0.5984693,0.596953,0.5597758,0.5600453,0.5738505,0.5786235,0.59002686,0.60139495,0.6128034,0.618485,0.6140627
birdsounds\xc130426.flac,0.2314205804540521,3191.2833678059983,5803.30731051013,-519.1787,41.047688,-40.253307,0.15026513,-0.6903223,15.270197,-17.12323,-7.498541,-16.894333,2.615002,-10.771469,-1.7534628,-13.866952,0.40292066,0.4144137,0.37078062,0.38173842,0.40175602,0.37384546,0.35949737,0.350791,0.38190043,0.51103425,0.73756546,0.5069324
birdsounds\xc130639.flac,0.1251377375386067,2351.844258539393,4539.264246954358,-333.73126,98.61164,-17.914026,-12.426079,-1.4115332,1.8674817,-20.841213,-11.66088,-14.3875,-4.6880574,-8.260324,-6.1468797,-2.6599038,0.4363954,0.42399117,0.5032859,0.534093,0.40226814,0.39808452,0.45076343,0.56567687,0.6617196,0.56611484,0.4870634,0.4501547
birdsounds\xc130993.flac,0.11014058664075287,2277.9512596737422,4696.529047539893,-333.6045,87.720505,7.830428,39.561962,-40.45262,17.401787,-4.6957817,-9.648811,-17.94006,-4.968364,1.2001224,11.669424,16.384497,0.43419936,0.39883816,0.34126425,0.3607817,0.35052836,0.3030447,0.25139973,0.26735747,0.3228236,0.31484327,0.31312445,0.36638224
birdsounds\xc131316.flac,0.12925474793760927,2244.9943031226035,4151.498978621476,-365.4258,95.18121,34.213116,33.173862,-0.021711763,19.392462,2.4979436,14.850115,9.527202,0.97954893,0.004049968,7.8331556,0.11458365,0.5595961,0.5053079,0.52800363,0.6103347,0.56904936,0.47644156,0.48882246,0.52459997,0.49668857,0.4396808,0.42957002,0.47344577
birdsounds\xc132149.flac,0.4501474578879414,5070.703867021759,7387.3705990177605,-341.6595,0.57876116,-25.629786,-27.227682,-47.821712,-13.493683,-20.030554,-12.801773,-23.359697,-4.8652697,-11.061095,8.182768,-4.2705884,0.4930148,0.4488103,0.3436001,0.2875991,0.27080238,0.26315045,0.27120277,0.29646945,0.308703,0.33437073,0.37819389,0.42563862
birdsounds\xc132392.flac,0.31524201569733795,3730.7368131689177,5499.384684244792,-371.97574,5.28139,-21.427544,69.5032,11.169196,16.175076,-0.77305746,13.320547,6.3878155,8.568766,1.1343046,8.486861,6.090364,0.32712975,0.30883858,0.28511983,0.24455811,0.242254,0.23103793,0.27768537,0.2969238,0.27517992,0.25684974,0.2933604,0.38515827
birdsounds\xc132580.flac,0.15282825012099613,1749.3899529197963,2906.2737437714495,-499.5507,95.50453,-38.05758,10.282218,17.144203,-24.83524,-0.35757586,4.935916,-16.73277,-2.798527,-0.6318135,-11.572669,-1.8683987,0.5261777,0.55115664,0.5794406,0.5974173,0.5873187,0.60029954,0.6167809,0.6353277,0.6341235,0.5652395,0.5332237,0.52333164
birdsounds\xc132608.flac,0.24287303394039736,3433.9625721260186,6202.4375699644415,-327.9258,47.873028,-16.705767,25.799982,-10.665144,14.778369,3.73804,-2.1021104,-4.470736,2.9244547,-2.1316066,6.0130754,3.1943939,0.6546273,0.6357413,0.60800415,0.61791795,0.6070223,0.618305,0.5883117,0.56924,0.5644203,0.57257503,0.599204,0.63972825
birdsounds\xc132611.flac,0.2153391724748629,3533.449483438759,6470.392928045018,-343.87213,35.57538,-13.647199,24.93506,-11.8422165,12.0775795,8.37138,7.0175605,0.78714556,5.9588537,0.4731742,4.124913,3.610173,0.61155653,0.5429546,0.501254,0.4958653,0.515256,0.5876571,0.6173331,0.53589445,0.53797585,0.5700696,0.6129896,0.6149918
birdsounds\xc133054.flac,0.29349913004460143,3922.1778529192447,6781.452317091748,-373.55365,-1.8298895,-56.39784,-5.7821703,-23.355661,-6.458324,-13.394098,-14.646615,-16.486103,-9.581827,-11.869214,-8.824444,-9.853304,0.4890132,0.48750663,0.48917496,0.45199287,0.38266957,0.37257543,0.47059515,0.49228615,0.43857032,0.42281422,0.4215854,0.5102222
birdsounds\xc133444.flac,0.2600172017774126,3303.6108956524363,5020.484603876944,-422.44073,11.470662,-87.87848,0.1434285,-53.524227,-25.481102,-19.118818,-26.683134,-16.555412,-14.138897,-16.325438,-4.5968466,-6.0349565,0.6081925,0.58675814,0.51936024,0.47070688,0.39085653,0.37184015,0.3851076,0.39806646,0.43167698,0.47740403,0.5364677,0.6090959
birdsounds\xc133471.flac,0.3456432658911617,4176.133549047005,5786.05917147903,-342.0098,-121.01467,-113.41331,26.512238,-4.253523,29.070503,17.99016,-10.335824,-9.568181,0.65306914,0.20855072,-5.4083443,-3.5337093,0.30891097,0.32406843,0.34967852,0.33341503,0.2807309,0.29243213,0.33621007,0.3688697,0.47236028,0.51130235,0.3537595,0.28757045
birdsounds\xc133862.flac,0.2326160978494421,2715.6013182973397,3622.4873836135403,-322.968,97.47747,-38.03693,-24.860357,-21.114666,-5.392067,9.915622,1.1696721,-4.3139157,11.023963,-8.091978,1.1933311,-1.2398852,0.4601447,0.36601222,0.31538984,0.29458755,0.31440565,0.34205008,0.36619952,0.447176,0.4908102,0.5331696,0.58070296,0.5320528
birdsounds\xc133872.flac,0.3944528493052492,4444.072352850753,6045.7293590786285,-402.7503,12.313807,-11.160348,25.089815,-47.735718,17.641645,-6.145981,-0.14003354,3.9984226,-1.4466647,1.4700395,0.53668183,2.506145,0.33368313,0.3658667,0.4007402,0.40930992,0.32485807,0.27806377,0.30907413,0.35060504,0.36650366,0.33492067,0.33727267,0.36150736
birdsounds\xc133880.flac,0.28304267871248023,3328.7007552589307,5273.049420542062,-167.99739,69.84227,-46.99091,10.396753,-55.546135,20.459139,-1.8589098,2.7236638,-3.5445693,3.7568684,-1.7167962,-3.6444633,2.6225836,0.49265793,0.41870132,0.38546908,0.3687808,0.36942786,0.42055276,0.41619217,0.4172205,0.44636735,0.47386158,0.496571,0.50578743
birdsounds\xc133886.flac,0.20905672981710158,2965.7678052103834,5128.5547603098785,-258.46808,72.14677,-25.582573,9.847218,-17.165926,7.278766,0.1424498,-1.182459,-1.173923,5.344883,1.3172193,2.27017,-0.5507446,0.5004218,0.520383,0.5637993,0.54935575,0.5359155,0.5426351,0.58497876,0.5917502,0.5755788,0.5380098,0.51395786,0.49545324
birdsounds\xc134042.flac,0.6105242214650304,7251.798157971239,8999.597390686089,-573.7859,-80.63902,57.4522,-27.008093,-1.6353914,20.919947,-27.323832,22.19324,-10.6452675,-0.8792573,7.315471,-6.801275,0.95771986,0.16984105,0.11420619,0.13371976,0.5390102,0.65805537,0.3297575,0.22170305,0.1844755,0.18918826,0.29414085,0.39445978,0.28079763
birdsounds\xc134291.flac,0.3504174273947011,4179.740632703452,5646.2048074473505,-361.66666,-117.012794,-118.18964,22.196913,-22.133852,32.478447,23.494814,-2.1960125,-4.8715096,-6.289839,-3.6780064,-2.9767838,0.38255575,0.38083574,0.36501956,0.37553176,0.3512499,0.33809885,0.4065716,0.3810428,0.39729849,0.41159183,0.42028826,0.4499094,0.46407402
birdsounds\xc134671.flac,0.1133716724537037,1831.823885153079,3321.393453663793,-387.48486,99.64623,0.46699986,-2.0273373,-8.028778,-14.595321,-7.564276,-4.758457,-2.175632,1.795873,4.2099495,4.928404,2.4456968,0.32544824,0.3942238,0.53379697,0.4019045,0.4069289,0.44945946,0.48392874,0.3650547,0.34940922,0.29579133,0.2873019,0.30224055
birdsounds\xc135270.flac,0.25089679126560877,3498.633217224294,6712.611959181517,-411.71774,43.034943,-32.051277,-12.46869,-20.920078,-3.9751613,-9.827066,7.603348,-15.345358,-1.5737582,-6.192743,4.580841,-9.10077,0.53658235,0.50654167,0.5599811,0.5434311,0.5086198,0.46810475,0.41759574,0.40228605,0.4326997,0.48570216,0.55196065,0.5803946
birdsounds\xc135521.flac,0.02655408473196393,902.7064400765679,1504.3164747463677,-405.83545,64.112114,27.61953,25.23922,8.377003,11.1543255,23.276587,19.60346,12.672429,16.180891,14.612827,9.809483,10.634513,0.6524596,0.69085395,0.72065127,0.7464979,0.7784687,0.7704148,0.7358908,0.7076899,0.6799385,0.64973044,0.618895,0.59947544
birdsounds\xc138979.flac,0.23272986220746658,3397.8066922634684,5420.423959445811,-360.55478,65.98517,-11.210494,30.53904,-33.08929,24.252188,4.443912,0.44510347,-7.623028,3.3037152,-5.9465613,-2.3646836,4.2130704,0.35995582,0.36208236,0.35721895,0.35308406,0.35889307,0.41286665,0.36959854,0.43183148,0.4921442,0.4723172,0.45588955,0.4173303
birdsounds\xc139372.flac,0.37352091687102335,4076.752691619098,6103.401464015277,-439.30646,28.279524,-16.55133,32.659496,-14.1755,10.472644,-17.542782,7.434068,-16.69571,-1.3615797,-10.811378,0.046735972,2.2657528,0.36352167,0.34483698,0.3616484,0.3756544,0.3665962,0.33538133,0.377297,0.38223034,0.42409214,0.43778184,0.499412,0.45726523
birdsounds\xc139552.flac,0.48133075971407624,5611.702003020428,7581.281967386822,-544.5023,-110.79619,-5.336649,49.639034,-15.664907,-7.160575,-9.078325,21.394794,-3.8182266,-9.203943,3.081268,2.3767838,6.9997997,0.29605025,0.2843331,0.25029588,0.28904554,0.36672816,0.37158567,0.47307637,0.52405435,0.4287958,0.32373032,0.23235534,0.23375006
birdsounds\xc140557.flac,0.22288706001365055,3814.1650797664297,5566.90409120271,-351.72266,3.1607854,2.7732425,78.42803,-19.98691,59.397705,-21.620462,18.702599,4.132078,4.210183,5.576782,3.1940908,10.140227,0.2996759,0.35281718,0.56877744,0.77587557,0.6062711,0.50957423,0.41419286,0.4052321,0.401837,0.3424411,0.30508825,0.28913298
birdsounds\xc141026.flac,0.1889467764172201,2652.4282644999325,4103.418466759814,-300.1649,56.146503,-55.85466,45.85623,23.49166,31.018242,-13.532158,-2.1766777,11.852439,-3.182562,-16.58142,-10.344102,-6.4345536,0.45723203,0.4823158,0.5358676,0.35678667,0.2277141,0.20511724,0.22944759,0.28199828,0.3559506,0.40003496,0.4822064,0.49992675
birdsounds\xc142431.flac,0.4262373576792636,5143.999174547249,7329.3520905250725,-453.59225,-62.329834,-42.631298,4.522244,-9.025975,21.042955,-7.661896,6.924658,0.9067046,-1.2357268,0.4371782,-3.9305718,-0.37917343,0.34037653,0.36230198,0.4677751,0.39446697,0.32651493,0.37047124,0.38746148,0.39024103,0.42268604,0.37681028,0.34947848,0.3514622
birdsounds\xc142697.flac,0.26264151674937963,3314.1915552934133,5246.936295653691,-351.35995,46.69606,-26.19187,59.29126,-30.789955,18.826555,-17.692661,-15.965285,-11.684354,-14.305345,-9.186047,-11.992342,-4.158321,0.48720866,0.49970457,0.49773908,0.46989426,0.4589489,0.48037434,0.46711564,0.46862212,0.4304725,0.39964658,0.38147742,0.4296417
birdsounds\xc142908.flac,0.25288916836265757,3461.1347567636144,5877.908504710478,-404.2962,-13.150971,-94.98269,-18.545439,-13.305127,-7.128812,-20.094513,-13.007729,-8.572608,4.4581647,-15.430026,-6.4598613,-0.6309872,0.5209208,0.39092338,0.3494732,0.29450917,0.28345788,0.32550916,0.38444147,0.45872873,0.5135777,0.586691,0.58037245,0.58147746
birdsounds\xc143002.flac,0.16122837651997685,2313.1480321809013,3889.667041383179,-335.06036,71.71003,-78.55322,-10.119458,9.007434,30.260979,-3.3962276,-1.4848928,-20.068825,-6.3787184,-3.3585212,-1.654699,6.1399827,0.33807254,0.40367302,0.46372542,0.56074923,0.61348444,0.57050997,0.5080786,0.50432557,0.41925278,0.32894337,0.27726358,0.26280984
birdsounds\xc143005.flac,0.191211344966968,2517.2870888272387,4397.6850443324065,-299.45175,74.96976,-77.19176,1.4412531,-0.51447016,38.69862,-8.15405,1.2425444,-15.7583065,-10.669842,-3.5584912,-2.5606568,2.332328,0.3626677,0.3822246,0.43728966,0.5548899,0.6078075,0.5149904,0.39769974,0.38311335,0.38656586,0.34288442,0.30651608,0.3189523
birdsounds\xc143170.flac,0.21939524052202422,3067.133335733855,5326.7019080730915,-327.99832,31.960686,-85.40745,-15.238598,-41.414677,-8.568523,-11.005455,-10.642187,-23.483728,-11.782135,-12.840735,-7.9418364,-10.703164,0.6375546,0.6365237,0.5278718,0.49731478,0.49334642,0.4815224,0.46400145,0.4965803,0.4724581,0.4147636,0.39208832,0.47981447
birdsounds\xc143465.flac,0.3938344172270694,4945.9902572606925,7030.910956128142,-554.2724,-65.9362,-17.991838,53.782665,-25.83388,-10.110806,13.230635,1.554906,-6.3923674,1.62449,-0.84923434,3.957051,-3.2072086,0.41472113,0.42160794,0.3220591,0.2855721,0.26407287,0.28935313,0.30532277,0.31713217,0.35260507,0.39205596,0.35816398,0.35541174
birdsounds\xc143894.flac,0.052053855613425924,1457.6259030956774,2927.7021484375,-301.57773,131.50012,2.236243,10.266763,-2.6842084,23.4794,3.8342202,4.801592,17.428234,11.702755,-2.9213994,7.121081,7.4568133,0.6502129,0.5664657,0.6053756,0.6276001,0.6144127,0.6340893,0.5963222,0.57417643,0.591708,0.68477833,0.70244575,0.69582015
birdsounds\xc144382.flac,0.14912805637391677,2368.209142983706,4366.812582576976,-368.79346,94.87292,-23.360722,12.699234,8.613267,8.392871,3.603248,9.147598,-1.2718843,3.9867127,2.3600516,-1.2501507,-1.451447,0.4277821,0.41849673,0.43545577,0.4378483,0.40897357,0.45714602,0.4818711,0.4124816,0.35474065,0.3984615,0.4724909,0.46037722
birdsounds\xc144991.flac,0.070263671875,941.5544890664117,1556.5135444972825,-369.65237,182.07956,-27.31234,-9.517884,21.926495,-17.343662,-27.805323,-8.695245,-5.0974517,-11.650563,1.4806544,11.881964,4.81656,0.6776403,0.54849124,0.47101232,0.32496583,0.26159644,0.2652889,0.30092844,0.33782488,0.35513157,0.42531136,0.5167577,0.6118152
birdsounds\xc145533.flac,0.24646183648659692,3128.9872323469817,4919.590748802202,-381.6702,57.278194,-21.110285,30.875246,-28.622643,3.6197596,-6.2993183,-25.415674,-10.243809,-16.90495,-3.7451637,-7.3672237,-0.10216302,0.48019588,0.38641647,0.35289267,0.3754012,0.31299695,0.3081672,0.30892262,0.31301218,0.345227,0.40301096,0.46882772,0.5033334
birdsounds\xc145534.flac,0.23727439186789773,3191.451693455525,5208.0156139026985,-338.4956,60.866875,-28.217344,28.486475,-29.576246,6.469748,-10.852725,-10.179785,-15.157888,-5.8900347,-6.2992163,-4.4983764,0.008834062,0.46342605,0.444843,0.40271378,0.39833924,0.38427097,0.3850359,0.4094207,0.44114557,0.4460831,0.45990106,0.4657361,0.4662318
birdsounds\xc145537.flac,0.15982446915064102,2550.020790576364,4355.038569523738,-392.85843,85.86861,-32.727802,17.38857,-17.906324,8.84742,-15.654743,-31.23871,-21.924532,-13.535498,-12.631208,-7.765726,3.2387733,0.37724975,0.28063974,0.19955376,0.19542196,0.22823894,0.26035964,0.32470632,0.4321084,0.5236635,0.5426985,0.5886428,0.51492906
birdsounds\xc145738.flac,0.05745110920394488,1850.6369556742786,4733.707691507998,-205.7995,101.02499,38.275707,9.889189,13.796103,20.219368,6.7983155,6.3351665,-4.2882576,4.4523115,4.3967557,9.296631,4.247648,0.63085246,0.6444712,0.6771956,0.68677217,0.62708586,0.606888,0.6284851,0.64793736,0.5749474,0.56242734,0.5625681,0.58778244
birdsounds\xc146062.flac,0.13242659029542567,3179.3306178468383,7144.720901043321,-414.99118,57.46206,13.888914,22.737051,15.912777,9.903587,2.1259146,9.96133,1.0520918,-1.6678087,-2.6698735,3.1814222,-0.35962158,0.53023887,0.51820856,0.5220312,0.5435332,0.53647864,0.594274,0.6449495,0.62401074,0.5856969,0.54570425,0.5810405,0.57238823
birdsounds\xc146260.flac,0.31181210720284985,3803.7220243336606,5565.285284768883,-462.54413,-23.317038,-33.98963,63.40499,5.3045354,5.5502725,-6.5876927,-3.4842174,-4.7802696,-0.49808407,2.1401923,-2.4790256,0.058665387,0.3380092,0.3231973,0.32745254,0.3502711,0.38785723,0.37629125,0.3564947,0.34670937,0.34529403,0.36297894,0.33858898,0.3409765
birdsounds\xc146707.flac,0.3995266613838318,4776.644838344834,7461.380889852893,-309.86404,-108.611145,-118.25524,-59.496456,-23.734638,26.174206,17.24747,42.25119,8.253588,1.3041157,-18.54868,-12.354402,-13.967115,0.46320006,0.41491714,0.3374389,0.30741173,0.35997447,0.3275821,0.27374327,0.29754934,0.37785408,0.4536388,0.45466816,0.45689997
birdsounds\xc146753.flac,0.3234972347508591,3635.4082009774293,5614.875211420747,-464.80853,57.332455,-5.087245,52.457886,-19.903904,3.5694013,-11.424033,-2.2390866,-6.5691247,0.36290056,-5.8788147,-3.6371596,-1.1400923,0.41729116,0.343092,0.35364544,0.31859,0.321451,0.34878594,0.40731314,0.36769938,0.39218783,0.39278078,0.4175711,0.45507497
birdsounds\xc146755.flac,0.30709260716426856,3899.209971148623,6540.645901247752,-551.4748,24.08688,-6.1655016,33.24085,-18.382305,1.9315332,7.1356726,-4.9364743,-7.2135615,1.9970157,-2.2289677,-2.3010442,-0.5992652,0.43834567,0.43288973,0.40284622,0.38229284,0.398247,0.51273555,0.53366375,0.49234894,0.48957112,0.4508471,0.45081744,0.48699528
birdsounds\xc146756.flac,0.2708804963678361,3192.756717000011,4890.366893537426,-454.06934,69.23808,-30.734852,5.8793206,-21.898129,-3.8521461,-1.1347791,6.4428725,-17.880781,2.0424132,6.2213664,3.315119,-5.3500915,0.2785974,0.28751296,0.44404754,0.5193639,0.49209976,0.45186213,0.3968545,0.34928146,0.31829256,0.3222107,0.3103273,0.26618406
birdsounds\xc146757.flac,0.04884132179054054,954.5016943070821,1485.0011877111488,-342.13742,172.52766,31.28707,0.43800312,4.0255623,17.300184,10.240029,12.221058,0.7315591,6.9188924,7.216497,2.6707184,0.3628151,0.6033775,0.60177433,0.60067433,0.5824467,0.5735224,0.5736374,0.58067507,0.59385985,0.585695,0.64852434,0.6246776,0.6090452
birdsounds\xc148426.flac,0.2893773351114375,3386.982389274462,5119.024240616362,-330.70966,41.912777,-43.17623,61.11673,-30.895264,17.706156,-17.171743,-21.374655,-2.4637203,-5.3602266,-3.6398954,-9.618687,3.2082736,0.40260893,0.3904481,0.36474204,0.3410162,0.29151088,0.24022965,0.23731229,0.29118553,0.370666,0.4018755,0.41289562,0.47136316
birdsounds\xc148465.flac,0.4048562757115855,4313.0555104527975,5523.735859713767,-264.03433,-10.575839,-47.48741,67.12481,-59.18499,29.674944,-10.535373,-12.215982,-2.9865935,-16.150972,-2.1432362,-6.6673484,-2.8190138,0.5614954,0.54964644,0.4947111,0.50260544,0.49666342,0.34949806,0.21918063,0.17782506,0.20281139,0.24283648,0.3458804,0.49209604
birdsounds\xc148528.flac,0.14309842469262296,2872.1911454804213,5632.736856429303,-382.90314,51.362343,-35.144608,23.339321,3.1567364,29.690357,8.056978,14.403575,10.235997,13.034332,5.5768824,5.9286747,4.3790283,0.64574796,0.6049279,0.55361336,0.5512823,0.5413898,0.5484431,0.5767092,0.6849792,0.71493024,0.72758156,0.6673752,0.61957854
birdsounds\xc148889.flac,0.12093650688559322,2689.2133887778373,5952.757547669492,-390.57074,75.136314,-8.213412,18.775925,10.738675,24.633955,-2.8163664,5.5754533,-1.9124769,2.843159,0.41011474,4.792617,4.7641907,0.74147964,0.68606144,0.6874096,0.7197724,0.66392165,0.62730974,0.6454683,0.71353,0.7068099,0.7047652,0.6973226,0.75077677
birdsounds\xc149146.flac,0.2609805726168448,3228.241458235803,5076.927807456569,-424.99356,52.65419,-22.84309,27.349922,-40.76026,-8.045898,-0.06142345,-18.841759,-0.39342144,-11.191654,-13.210399,-5.903345,-13.850448,0.4784596,0.4555124,0.5246823,0.466243,0.37422052,0.4132746,0.45789778,0.49642307,0.49032268,0.43934914,0.40489697,0.41450253
birdsounds\xc149806.flac,0.12112798171971396,1976.3248297878608,3545.0499974805452,-256.32098,104.81892,-53.080627,6.0895634,-24.508482,-23.378105,-21.356726,-11.934503,-12.922196,-13.032348,-15.828284,-13.767937,-18.628107,0.48532066,0.5150208,0.5965881,0.6064075,0.5089598,0.44851324,0.46261644,0.5060954,0.54686016,0.54533726,0.50283283,0.47594962
birdsounds\xc150291.flac,0.3790927927606545,5090.711216027699,7899.621080372432,-485.77094,-35.62599,-16.189154,32.683395,-5.8941135,-18.4373,10.277757,11.540348,-13.655867,-1.8719333,10.058797,-1.2686695,-7.4358473,0.21706188,0.21050182,0.36131838,0.5041487,0.5206753,0.55459374,0.57099766,0.585578,0.54430926,0.4544401,0.3392688,0.25783265
birdsounds\xc151150.flac,0.37730966244103775,4566.726995419036,7067.53753086306,-391.18445,-63.5914,-64.98471,10.187308,-19.607536,3.8192568,12.360289,13.838016,4.884515,9.068292,4.0731435,5.067369,2.484152,0.5064565,0.4995009,0.4377535,0.42788813,0.43070236,0.4542461,0.50611544,0.48857766,0.48938385,0.5083064,0.49781656,0.5259527
birdsounds\xc153129.flac,0.15071784251675355,2491.9138496751034,4874.729172968634,-454.40982,83.61209,-23.249594,15.196842,7.8190794,-1.3599204,-0.953378,5.439259,-5.1534777,-8.271282,-1.8676078,0.87890804,0.4157643,0.5588477,0.54536617,0.46395543,0.4925929,0.5323139,0.54405683,0.4949873,0.39182225,0.37067726,0.38803938,0.4163893,0.49812278
birdsounds\xc153131.flac,0.24634038185586735,2990.957661839435,4780.778503417969,-347.81406,35.969036,-40.362713,11.915499,-16.554012,2.171298,-4.999991,-22.95182,-16.055683,-11.919951,-7.539682,-9.182118,-6.7368827,0.43123963,0.39982107,0.40697226,0.37405407,0.3951955,0.4278417,0.48107827,0.54402983,0.51908106,0.45503807,0.44661602,0.43385103
birdsounds\xc153833.flac,0.16135583227469344,2797.6245795460436,5241.784989907925,-364.11185,73.38179,31.968994,48.79258,-13.39125,29.242409,8.225607,-2.169683,1.370995,1.3402394,-0.46531248,1.740537,1.4081823,0.5678956,0.60302615,0.56276226,0.5404016,0.476993,0.4924648,0.47914317,0.4588219,0.44347498,0.45120633,0.46999514,0.51853347
birdsounds\xc154285.flac,0.14518257180507746,2200.8248051527858,3828.717482233622,-354.65436,92.84056,-79.42722,-2.8129518,-25.255674,6.9963045,-2.8510144,-7.666267,-14.774106,-11.204694,-8.437107,-0.17487991,-6.1447396,0.37519172,0.38457948,0.45222917,0.42973745,0.41207984,0.3607374,0.33472067,0.3493319,0.30733997,0.28752506,0.31711912,0.35383433
birdsounds\xc155975.flac,0.2865454903088953,3688.6944675213613,6283.931300951087,-328.16638,16.406244,-45.68579,-12.143363,-41.087303,3.5377119,-19.855001,-19.86281,-17.723295,-1.4205922,-13.105718,-12.382102,-11.865348,0.38143831,0.39654493,0.3391026,0.29337525,0.3017942,0.35361323,0.41154858,0.39505967,0.36700976,0.4793476,0.66368765,0.42348054
birdsounds\xc156262.flac,0.19855071154163914,3125.0481804019246,6060.96809422505,-284.80005,48.448345,-40.069263,2.499524,11.74054,18.252438,-2.8895602,15.862553,13.606088,-2.257128,2.3008342,13.361563,4.821498,0.5560458,0.6275519,0.6123094,0.5356777,0.42826772,0.33915582,0.30751365,0.36111712,0.41789898,0.44696364,0.49096668,0.53042847
birdsounds\xc156388.flac,0.2314131046229859,3124.129398000327,5967.386205390861,-374.6129,58.57571,-49.81701,-25.25011,57.5284,31.761185,-11.934629,-19.904957,27.71367,-3.661777,-2.1262343,-2.4382904,22.186436,0.71039426,0.2979929,0.12418956,0.103318505,0.11478128,0.094297685,0.19111975,0.3276218,0.3223601,0.22854024,0.5241952,0.8083708
birdsounds\xc157279.flac,0.1669648894583488,3646.013175546283,6868.331895576012,-535.12177,13.4939995,14.152802,47.254776,-1.7450992,17.066307,12.499931,6.6184196,8.877487,9.212509,3.9925284,7.1266456,6.7262144,0.6926426,0.67653847,0.6520269,0.6119871,0.5891779,0.56229186,0.5277644,0.5477467,0.58055127,0.65336585,0.6344535,0.63488823
birdsounds\xc157322.flac,0.1621311595172375,3350.1364239669406,6994.650393705639,-556.7345,39.31951,33.5617,43.219597,9.2415905,15.540136,4.631578,3.8261735,0.3081457,2.138556,-0.26650614,0.24185121,1.5062845,0.48485482,0.4816045,0.5210067,0.48803505,0.47607458,0.5486342,0.5369436,0.5226738,0.5852181,0.6358919,0.5509749,0.5344221
birdsounds\xc157331.flac,0.26921989208310165,3855.455954636284,6065.983738076001,-493.61713,-6.939632,-2.4174814,67.42794,-12.805065,21.156458,13.203086,7.5419607,5.986838,9.456994,1.0085087,6.489334,7.0304117,0.5647418,0.5314998,0.44493005,0.36069545,0.37016004,0.34610185,0.31263566,0.35529423,0.41373417,0.49881157,0.45728108,0.5081145
birdsounds\xc158166.flac,0.22016626502470577,3496.233019522832,4410.428464357095,-318.26587,-3.5958314,-3.6508417,114.7387,-13.585307,15.097918,43.355873,-9.06835,8.911831,-1.966274,1.783109,15.139181,-1.2299943,0.30045888,0.29332662,0.35925606,0.34905142,0.26661408,0.23712468,0.21522933,0.18272156,0.18509251,0.23466265,0.31445888,0.3339644
birdsounds\xc160879.flac,0.20920806826556268,2993.68915818188,4933.556665348101,-406.02838,21.044323,-61.53411,-7.358085,6.2843204,-3.1972647,-9.840302,-7.172498,-5.9119625,-7.3413563,-5.175826,-3.7047365,-3.2898605,0.5478479,0.51806223,0.49928024,0.47232834,0.4579786,0.5089948,0.5528036,0.62393445,0.66098577,0.628296,0.56803155,0.5552631
birdsounds\xc164926.flac,0.5091229724364791,5935.255738035603,7830.840464071007,-487.09473,-115.95887,15.056616,42.43413,-32.518925,5.869224,0.07944079,6.392814,-3.6551692,-4.2012415,5.900133,0.21327758,-4.3675704,0.34359956,0.44612697,0.469713,0.3922483,0.3269278,0.3065826,0.36620495,0.40387416,0.34137124,0.35561237,0.3721844,0.33096546
birdsounds\xc25119.flac,0.2258211279595214,3366.75067960546,6625.801686211176,-228.67798,62.018307,-3.6095688,8.371535,-15.901087,0.32552552,-2.54292,-1.800417,-9.566425,3.057519,-3.2543464,-1.7233642,-0.6957068,0.65666246,0.54001576,0.5390143,0.52352315,0.54096013,0.54468197,0.64538926,0.72877604,0.5919852,0.5509503,0.55577207,0.52889633
birdsounds\xc25754.flac,0.2450006624772865,3425.6152483154615,5599.102343276802,-210.77548,25.037437,-18.928802,62.198128,16.198355,-5.0454354,3.1526093,20.329489,0.8717727,-13.161105,10.6682625,5.942772,-12.771191,0.13825908,0.20169896,0.38271213,0.53225374,0.47573426,0.4668399,0.43077353,0.30207363,0.16074099,0.131711,0.1394825,0.12184182
birdsounds\xc26578.flac,0.2292221828601525,3455.4137180082357,6750.8406392643965,-252.7447,48.758533,-30.725845,-23.031527,-33.531292,2.794076,-5.5788293,-3.1251588,0.6602692,1.5249981,-0.70038253,5.142337,-0.21596707,0.68232936,0.6680348,0.5566328,0.55717033,0.53355736,0.54359066,0.56343824,0.44576022,0.44832224,0.52558684,0.50631094,0.6028071
birdsounds\xc26789.flac,0.2386491807173246,2855.5518849033865,4014.9121291269266,-472.41803,25.101604,-104.3672,27.235106,-5.9855914,-8.9675455,-4.321872,-9.485923,-8.781452,-17.49754,-19.07222,-12.568768,-2.1113455,0.44577375,0.43928704,0.34498462,0.29749623,0.2899922,0.34076327,0.361536,0.2878156,0.29624084,0.32099128,0.34652486,0.40861687
birdsounds\xc27039.flac,0.17100754630546752,2069.7027760421074,2324.760099915808,-402.25583,28.706993,-180.42447,-25.54013,49.767048,42.626514,-25.496166,3.7637162,18.653929,0.17159666,7.175153,37.454033,9.039572,0.95576704,0.74296147,0.26593736,0.122519635,0.061517563,0.070777036,0.14064653,0.42597756,0.46665612,0.5341932,0.4576996,0.7714393
birdsounds\xc27060.flac,0.21915264232477005,2884.9891985958893,4697.8647103205285,-448.7621,55.863613,-49.9494,28.50499,-29.255285,6.853145,-2.510784,-14.301192,-23.455046,-11.893764,-19.704323,-17.314163,-3.367614,0.28678268,0.31213465,0.28023696,0.22938,0.24081302,0.2712603,0.30628675,0.34858713,0.4169395,0.44572553,0.35800794,0.30427724
birdsounds\xc27080.flac,0.22252734375,2868.158607510614,4133.79791015625,-386.44226,13.823886,-120.9788,24.533155,21.447607,9.408331,12.008048,-5.2758074,-29.523375,-10.570558,-2.4289112,6.8051805,11.674817,0.4206631,0.38774157,0.2990988,0.2738526,0.36113927,0.56723857,0.59645057,0.3840033,0.30012393,0.22054866,0.18867822,0.2446259
birdsounds\xc27145.flac,0.14873015406820622,2188.8238741326754,3593.8418739720396,-281.03687,82.18377,-91.37666,-14.369036,-12.126469,31.321081,-18.934225,-10.788725,-22.579044,-5.898948,-3.5031426,-9.339625,0.21878423,0.29043287,0.32921654,0.41434363,0.48971736,0.54996955,0.61367214,0.60964864,0.5614097,0.47705904,0.4126458,0.34065357,0.30105358
birdsounds\xc27152.flac,0.298451330865321,3332.575291244482,4503.724299796286,-399.33566,1.8264123,-87.34052,59.732082,-5.8244295,14.7704115,15.315141,-17.950804,-14.328175,-13.18908,-2.8079932,-2.9102187,7.560337,0.35767922,0.30080798,0.23312056,0.23260844,0.24392155,0.31965005,0.38382953,0.43999177,0.42111564,0.39066425,0.3568323,0.33295947
birdsounds\xc27962.flac,0.3401552424603492,3947.3678791274688,5265.527062139538,-499.47614,-42.027897,-44.76439,74.02588,-5.0619926,3.5914474,12.222588,-3.020503,-14.600652,-1.4936082,6.1807265,-2.0347238,2.6226225,0.29209095,0.2476219,0.19193283,0.22977231,0.3001983,0.3627989,0.33966947,0.38394114,0.41146335,0.4801532,0.3615624,0.33188397
birdsounds\xc27999.flac,0.18544937923685292,2990.7316208588977,4948.067327043319,-343.9482,44.410484,-24.234873,65.66234,2.3970232,7.7172384,19.901869,8.148845,9.182985,9.050098,5.1458273,4.246568,3.5473537,0.40172908,0.3723066,0.39521855,0.40676695,0.44113332,0.46560013,0.4836156,0.4680955,0.5270623,0.5498329,0.4723298,0.42927018
birdsounds\xc28926.flac,0.341580810546875,4200.623495276848,7029.594909667969,-293.14108,-11.06084,-55.720383,-14.132302,-27.399517,-11.036657,2.7270167,3.1121693,-10.171079,6.670907,-5.783225,-5.831975,-1.0654228,0.5027372,0.49726513,0.39595005,0.37527195,0.3726778,0.3784899,0.38834107,0.42393395,0.5450417,0.7084917,0.57308084,0.4818727
birdsounds\xc28961.flac,0.21381289812210458,3179.3415500708074,6374.184399042439,-246.67224,66.01082,-25.779648,-9.10932,-10.443465,-2.609651,-0.25141734,2.3776975,-4.000615,4.552633,-1.1644421,-1.2052515,0.24851528,0.61386365,0.540942,0.51154536,0.5044893,0.502326,0.50710917,0.5358446,0.6025236,0.6293848,0.603762,0.6070713,0.5903174
birdsounds\xc29230.flac,0.1136935493298005,1952.4271493028696,3757.866137877961,-241.58676,111.98265,-23.365517,43.28358,16.908903,15.459223,-1.3883493,11.878833,-10.19708,4.883354,-1.5833894,2.4561622,2.1075747,0.55783516,0.56840163,0.5733245,0.59648174,0.62121165,0.6168635,0.609625,0.58598614,0.5942886,0.6015493,0.616253,0.58026713
birdsounds\xc29766.flac,0.23707368879923413,3148.478125978795,5263.393351682166,-349.2177,55.75596,-41.107296,26.377922,-18.023731,-11.466688,5.187543,-10.736167,-15.953706,-1.4924495,-10.894801,-7.5378523,-5.7662525,0.34263495,0.32368267,0.32026345,0.33102533,0.3130137,0.37701523,0.5175807,0.67374235,0.59804034,0.51610124,0.47834313,0.3977476
birdsounds\xc30390.flac,0.28266286691708153,3547.5525185744186,6083.187314897648,-258.66443,50.90664,-30.280207,6.443553,-19.743214,4.580778,7.6181498,7.9762793,-2.7440321,11.150411,-12.3896,2.4618993,-6.719306,0.53027767,0.4511746,0.3722476,0.34837162,0.3149349,0.32973188,0.3205403,0.3498487,0.5257429,0.5409377,0.5229408,0.476307
birdsounds\xc30614.flac,0.22749487754026074,3300.739866864242,5691.200816148629,-309.38684,59.44516,-3.9317875,1.8064878,-48.76415,-2.3728037,-15.198304,-11.971102,-20.275566,-10.426744,-18.635342,-16.2365,-11.150536,0.47199923,0.413928,0.39756736,0.45089912,0.49322087,0.45068106,0.4154961,0.37991816,0.42722622,0.44410378,0.5087734,0.5233766
birdsounds\xc31059.flac,0.14820687722839765,2155.7992186121237,3477.449721777999,-363.41107,14.369935,-182.24011,-63.376614,-69.836586,16.82025,-3.3527732,42.40031,29.74536,25.013968,1.4219298,-12.279863,-6.845364,0.43348417,0.31888744,0.24679515,0.26171413,0.27913317,0.3459169,0.43744123,0.48283765,0.59122497,0.59499264,0.514426,0.47724342
birdsounds\xc33392.flac,0.18887759074312716,2738.2036071729,4856.865762926868,-404.92334,57.772953,-36.921833,1.3607653,-76.47409,-38.91772,-21.491802,-31.839321,-18.82703,-8.010946,-10.915732,-1.8552599,-5.6395526,0.29551744,0.3650632,0.6233884,0.35951835,0.28126144,0.30195054,0.39023995,0.46198738,0.2842004,0.35442013,0.32489917,0.3152088
birdsounds\xc33395.flac,0.27779321195522033,3389.895788872319,4991.4129849137935,-370.8671,47.406754,-17.262953,28.500513,-76.752655,-26.086794,-12.363288,-27.670427,-16.020819,-20.195786,-15.791189,-12.29605,-10.108647,0.3524959,0.41496107,0.50158364,0.51204824,0.4362778,0.4011621,0.38977832,0.39123207,0.40263152,0.38333926,0.37758538,0.3604994
birdsounds\xc35068.flac,0.3888502425799087,4836.874025789383,7161.953191887843,-537.7201,-201.62546,-99.8983,53.785183,12.5841055,15.612566,-1.809495,-6.091656,-4.0000606,-0.3524533,-5.749508,4.1383224,3.2871952,0.6052699,0.578474,0.49792027,0.49382102,0.48663205,0.48865986,0.4607484,0.46907204,0.5196602,0.56461513,0.65484667,0.67252135
birdsounds\xc35578.flac,0.14664324162679426,2128.1932877619006,4076.5925211199165,-228.03038,117.92736,-23.854658,22.496683,-13.565597,33.36685,0.71451414,12.300539,2.1553776,0.12180252,8.220494,9.333854,6.5108113,0.49788666,0.39880455,0.30071846,0.3069279,0.33933333,0.38894254,0.38984975,0.33017367,0.23436953,0.21672961,0.35405716,0.5368054
birdsounds\xc36637.flac,0.2536082462155276,3435.005037860852,6255.479420174797,-507.41418,52.243603,-23.143515,11.888023,-18.325308,-3.2200456,1.6544763,-3.249455,-0.07749813,3.7930946,-5.8307676,2.3055916,2.0454452,0.60896724,0.509361,0.49991894,0.48864153,0.47469023,0.46067455,0.5054301,0.60119236,0.6725708,0.7020663,0.6337174,0.61325294
birdsounds\xc37447.flac,0.11982939837231824,1637.706811659028,2854.413431051661,-315.0336,102.42525,-39.47818,8.9439125,-9.692152,-36.56163,-12.970689,-21.826406,-24.557863,-13.212481,-12.020064,-6.7503834,0.41342908,0.33789635,0.5765269,0.383265,0.40645683,0.35273525,0.28094825,0.3061123,0.42659754,0.42465797,0.26640767,0.25565317,0.2676464
birdsounds\xc40186.flac,0.16501671048920052,2560.8437237268713,4952.53953472558,-265.44666,78.85028,10.023074,29.429516,-15.039345,-18.098549,-15.171247,-4.7969217,-11.300855,5.353867,5.801131,12.859225,7.0751166,0.634685,0.5892634,0.45235622,0.3304389,0.30556336,0.25838384,0.24734342,0.2580459,0.27336857,0.25482047,0.3276564,0.4817754
birdsounds\xc41428.flac,0.14036927449472758,1973.4800746700096,3145.5317116789324,-396.2178,111.63622,6.8799005,12.5997715,-47.63615,23.657705,6.01384,-10.598779,21.728224,12.315125,11.268745,-3.5045574,6.1701217,0.35250425,0.32137918,0.3285544,0.35362953,0.33680224,0.40594804,0.50677544,0.51925087,0.55315816,0.528317,0.40678477,0.4125927
birdsounds\xc41816.flac,0.047783437601395196,1137.3349369565276,2014.4514139560351,-392.80423,131.60745,-4.576265,35.153687,17.468254,13.976773,13.619988,17.40661,-10.345776,-9.705566,4.191614,0.41343805,3.526601,0.44800115,0.42207414,0.47224274,0.5212906,0.5304292,0.569643,0.595137,0.65983045,0.71168876,0.63577384,0.53282106,0.48089033
birdsounds\xc42178.flac,0.3789353733740482,4593.0901018788,7611.331471089784,-296.07388,19.583769,-29.954058,-35.6713,-36.174072,-3.1543267,-7.100986,3.0671906,-0.4680344,-3.1305676,-5.6245265,-0.03502434,-8.72089,0.56558114,0.48391142,0.4689753,0.32309434,0.25877053,0.29765013,0.3085312,0.3203131,0.35245135,0.4257631,0.47925797,0.5260393
birdsounds\xc42224.flac,0.2132120942864807,3591.501445099605,7560.815911681867,-330.54166,55.30045,-1.5191793,-1.7491904,-4.030507,0.721038,-5.9838233,-9.900209,-18.666285,-13.891424,-14.74996,-7.908421,-8.969809,0.49023858,0.48519492,0.54702324,0.6222571,0.6343882,0.6435458,0.57144266,0.5086612,0.4868771,0.46600866,0.4462404,0.476109
birdsounds\xc42343.flac,0.21685877891219796,3197.69065605475,5501.027742327147,-485.56128,25.520472,-35.99514,29.81449,28.768505,1.6588169,-23.598923,4.6847243,-10.596247,-28.90446,-4.904134,22.972208,2.3967104,0.31997767,0.74698734,0.38774243,0.23812544,0.12393046,0.08422245,0.052676897,0.040532853,0.03824625,0.038607392,0.039903462,0.06814787
birdsounds\xc42344.flac,0.2363481966403162,3322.3352146701354,5598.797928761117,-488.33908,25.05708,-39.04271,24.25287,20.876907,3.196048,-15.70302,6.276881,-13.638178,-28.658718,-4.9131794,16.354422,3.108696,0.39025477,0.47711998,0.43352544,0.42199436,0.31268978,0.19253452,0.16277903,0.16711617,0.15193745,0.14538461,0.15671211,0.24855654
birdsounds\xc42430.flac,0.15991792935322433,2684.520627127671,5534.39516100149,-406.7976,77.8719,-32.407288,-0.9053488,7.1547995,20.944727,-9.772218,-11.167869,-18.3853,-5.324776,-7.988535,-8.611584,-5.59319,0.44502068,0.35882336,0.3943843,0.48223427,0.57034415,0.6957779,0.6771309,0.6577783,0.5695612,0.49326405,0.467091,0.4798587
birdsounds\xc42698.flac,0.3694740637938284,4515.570869171233,7940.70088607032,-253.46373,5.153195,-23.03753,4.5737658,-11.320578,-5.0186067,-4.64055,-2.0054145,-3.097492,-4.21243,-2.5358005,1.2097402,-4.1157355,0.58785164,0.60711706,0.6217692,0.60106164,0.55884767,0.526222,0.50829214,0.48723254,0.48398817,0.50601375,0.51001316,0.5417573
birdsounds\xc42803.flac,0.2751823719183359,3433.396547689872,5147.430918359977,-267.27048,7.650283,-90.03706,-4.802659,-40.863617,-7.2036076,6.5021644,-3.566919,-6.256575,2.1305988,-4.572731,-5.494561,-3.6615572,0.4112237,0.34741798,0.3820782,0.41600898,0.43593082,0.40155542,0.38522783,0.44302902,0.47606358,0.5472906,0.494368,0.46208116
birdsounds\xc43764.flac,0.19356937914823008,3263.317523763456,6653.2500194448285,-369.21124,53.312,-5.4119296,6.891783,-12.4928,12.526121,7.1278443,-5.842583,-8.68193,-0.32064107,-5.620359,1.5713589,2.532154,0.66651607,0.66554606,0.6400296,0.5912185,0.55498856,0.5299027,0.50958896,0.50529397,0.48124006,0.4634601,0.5213808,0.62425244
birdsounds\xc43853.flac,0.25997708905951245,3804.2248159726937,7464.332525132947,-309.5916,26.062645,-41.130722,-25.939972,-25.91372,-7.592481,-8.0393715,-3.8094666,-6.7933226,2.4560332,-3.0554135,-3.425539,-6.0443916,0.57926005,0.5601345,0.54432553,0.5572903,0.53697747,0.51837146,0.56259507,0.6189192,0.7004676,0.70189565,0.61733884,0.5655581
birdsounds\xc44203.flac,0.29012825172004386,3627.559990902834,5990.2528668982895,-366.07434,64.80928,-22.103073,0.722624,-13.99457,8.26929,0.9877916,5.700741,-6.704254,0.36539844,-3.399073,-3.7643003,-2.3137984,0.49257183,0.48843822,0.5042817,0.51530725,0.4548191,0.41435623,0.41275465,0.4693949,0.522484,0.5324736,0.5440238,0.528686
birdsounds\xc44707.flac,0.20660063386694785,2959.5899430958125,5010.89526217408,-319.59427,41.554573,-55.02617,12.058661,-3.8062901,-6.7530165,3.5437305,19.186129,0.720914,10.537613,-17.274529,-15.842558,6.542387,0.39779106,0.37039977,0.2029938,0.17040372,0.19929287,0.25058854,0.34927678,0.4704727,0.5595178,0.47235033,0.4317464,0.41894644
birdsounds\xc46032.flac,0.25992166270380435,3681.921192660168,6618.952212126359,-371.91608,37.903698,-19.893312,-3.7337623,-34.697308,14.395356,5.1563687,-5.9919252,5.684882,1.2371442,-0.86617035,4.9067526,4.8033333,0.5316992,0.47123232,0.4416303,0.4212194,0.39426652,0.412601,0.42165816,0.3772112,0.36853004,0.45459175,0.51945937,0.5489673
birdsounds\xc46209.flac,0.1011169938016529,1573.4279702937586,2177.7720654700415,-379.70383,139.48009,-8.214025,22.779678,-6.9771967,7.800708,8.142683,3.3289587,0.9159751,0.7947886,0.31611097,-9.34247,-1.0127815,0.5044257,0.49835306,0.5292651,0.5592563,0.52564573,0.55524635,0.5642983,0.5571166,0.6230298,0.5972981,0.5439083,0.50923246
birdsounds\xc46211.flac,0.10306966145833334,1921.4903473405252,3033.04736328125,-380.35217,110.42519,8.543481,38.78657,-11.38987,14.883875,5.0228004,5.2437534,-3.3234916,-0.033349812,-6.871804,-3.319188,0.60816216,0.51979077,0.48254213,0.45413336,0.45778632,0.473102,0.5055335,0.44138536,0.3977877,0.4117134,0.504308,0.6194435,0.60710293
birdsounds\xc46223.flac,0.3231651475694444,3938.1267421467815,6189.381286621094,-255.33382,-6.480656,-53.93618,11.053388,-42.557213,-14.627638,-28.21562,-18.124533,-21.284195,-11.652244,-19.80597,-11.757144,-8.894322,0.47085795,0.44434568,0.43598846,0.4492829,0.42944288,0.41309902,0.43488607,0.44170633,0.46546954,0.47321787,0.48382157,0.48678902
birdsounds\xc49443.flac,0.23359405757874016,3297.4302875600624,5162.787217027559,-344.98627,23.4863,-16.855839,67.22106,5.989786,13.688177,1.2308499,4.579289,-2.2760022,4.045203,0.09034827,1.511705,5.4009056,0.28936753,0.30176997,0.33017424,0.34897652,0.35708782,0.36465144,0.33632165,0.33320904,0.39701375,0.39719212,0.3609647,0.32135874
birdsounds\xc49540.flac,0.35484811686447165,4244.959178459965,6614.650456427067,-389.43982,45.16006,34.882477,43.287685,-15.816122,26.718212,-5.611241,18.637812,-11.827714,4.072954,-0.5114297,2.9184332,13.1714945,0.31621376,0.2887823,0.25803164,0.26042867,0.27336198,0.31244022,0.31965896,0.33802184,0.45859978,0.593126,0.45607394,0.33394656
birdsounds\xc53817.flac,0.21955426212436774,3368.2721004339182,5839.127490365126,-343.11053,21.357618,-15.249245,62.433105,24.114143,-0.821942,3.4480805,25.98681,-6.726485,-3.7814732,15.387722,-3.526415,-7.409337,0.19404028,0.19524625,0.23164107,0.30359888,0.41735587,0.62635034,0.5897821,0.5261339,0.44869545,0.2534067,0.21860628,0.20361455
birdsounds\xc55184.flac,0.12878041345281308,3000.6672137937144,5192.706531448503,-416.57294,26.45374,17.579798,63.563606,-24.569115,28.653658,10.717231,-2.9415057,8.174448,-1.8877482,-2.545341,-2.5144591,4.7258387,0.4770499,0.51201993,0.5337682,0.5641361,0.5513107,0.5368899,0.5857483,0.5852218,0.47405478,0.50221664,0.4503141,0.423095
birdsounds\xc57919.flac,0.1983387082122093,3161.7882086939253,5999.483046420785,-262.7634,36.833755,-46.898315,-7.547738,-20.466295,-9.24885,-33.985313,-12.06973,-17.256453,-11.385713,-21.61265,-7.8851905,-5.411443,0.5693508,0.45838284,0.4380862,0.3803463,0.348012,0.30632302,0.34516323,0.3793414,0.40641496,0.41047972,0.4790392,0.60760915
birdsounds\xc58571.flac,0.13229237432065216,1895.7133178521683,2761.546025455393,-313.98795,89.71275,-73.00255,-29.862144,-6.08746,11.191897,-12.735458,-12.591836,-7.46722,-6.5031404,-14.15219,-19.724098,-10.419438,0.16188745,0.14596343,0.21278618,0.28371188,0.31104422,0.27799925,0.25669786,0.31261396,0.38796762,0.45928583,0.48414338,0.2881083
birdsounds\xc58573.flac,0.12093476483219774,2073.0634538584764,3768.1357339763335,-384.45865,87.066025,-35.825573,-17.478436,0.6350306,1.977852,-16.871284,-11.963957,-9.053497,-9.207077,-12.042233,-13.638335,-4.194379,0.30587712,0.26241136,0.28672943,0.35218507,0.37553626,0.39608255,0.39638096,0.42617545,0.48687696,0.51339865,0.5179789,0.43146655
birdsounds\xc58579.flac,0.15529742688553977,2371.103782413825,4442.4847998066325,-419.5148,74.9938,-37.20375,3.1170237,7.7406554,10.991757,0.93688,-1.9830872,-3.5732427,-8.417563,-3.946504,-3.7129624,0.48633668,0.39565545,0.40863237,0.39010262,0.38898504,0.4262382,0.46777526,0.43187785,0.38937545,0.37289983,0.3715805,0.38224402,0.37700847
birdsounds\xc59776.flac,0.0759219514353759,1477.6682518316877,2406.3576255350476,-390.3537,143.92177,20.339289,4.649478,-8.039867,18.82487,1.5112334,5.10034,2.9448571,2.693104,1.3220891,4.882379,1.7973379,0.6145566,0.6386605,0.6585818,0.65785426,0.65068823,0.65722084,0.6454311,0.57838297,0.5672306,0.5865578,0.58658546,0.56378835
birdsounds\xc64685.flac,0.3397858926166966,4022.005460126466,6061.0941094170785,-369.4349,-37.969883,-84.491745,-17.668467,-68.07568,-44.58803,-34.21338,-27.832672,-16.427914,-8.424883,-6.877935,1.4910715,6.1377077,0.4338528,0.4237782,0.38521385,0.44057366,0.46446696,0.3706198,0.40516064,0.3954786,0.38070327,0.4749838,0.5455164,0.52197975
birdsounds\xc64686.flac,0.34817416309366755,4147.518342551951,6185.6114530940795,-393.2505,-67.52518,-103.51152,-25.886772,-65.700455,-28.721678,-3.9799714,4.273804,14.401132,18.066814,14.277468,12.749678,4.7274065,0.44710618,0.3835277,0.38324258,0.39274782,0.39001393,0.3827588,0.39535007,0.43692267,0.3395187,0.3561468,0.41309205,0.45081073
birdsounds\xc64728.flac,0.11064946739268479,2212.223417165305,4655.189182009223,-352.70517,98.67404,-8.818509,-10.908701,-12.817103,2.5053482,-9.928481,-8.297016,-12.328288,-5.2022758,-5.151636,-3.9666803,-3.7439952,0.3002559,0.30513194,0.30015215,0.36335844,0.442254,0.4735052,0.42834,0.39118725,0.3835688,0.37623662,0.37427297,0.33169705
birdsounds\xc64735.flac,0.18431778827393341,2523.2824096699774,4366.095942438703,-354.78894,83.529854,-44.07057,23.332336,-12.328957,2.1636074,4.009682,-8.052638,-20.685015,-11.608779,-9.457759,-4.1588387,-1.2036197,0.3911515,0.39239293,0.45391077,0.46211806,0.40458038,0.38645008,0.40766895,0.43635944,0.41891813,0.41914898,0.4643587,0.45669776
birdsounds\xc64738.flac,0.21450091422872342,3119.049947685041,5639.484811336436,-435.6407,52.54545,-11.614999,32.458,-13.47988,-9.61395,5.0602407,-4.3350573,-16.187992,0.30968058,-6.0962267,-11.294946,-3.8606381,0.4065248,0.3554798,0.35800448,0.36974847,0.42653137,0.54066086,0.57988787,0.55311024,0.5301357,0.59592485,0.6392398,0.52872396
birdsounds\xc67089.flac,0.11371049329890925,2855.3524911105806,6892.691367948987,-481.88828,72.132225,38.5345,6.525485,-3.193458,-14.950143,-10.9858265,-7.137958,-13.365916,-15.056249,-19.963713,-17.018713,-17.99825,0.362029,0.33508167,0.32305515,0.34673125,0.36291066,0.37533337,0.37445483,0.39029467,0.40893748,0.44238043,0.48203412,0.41751763
birdsounds\xc67229.flac,0.14150514855849006,1813.6466087168017,2272.884375648161,-334.29266,116.53596,-123.40099,-52.546494,27.756657,37.22979,-24.324377,-23.624863,-3.1785846,-13.809015,-37.60394,-10.921706,10.049256,0.46488568,0.18730715,0.1119417,0.074262224,0.0680914,0.09382176,0.19837141,0.37196547,0.3830603,0.25851753,0.51463604,0.8290406
birdsounds\xc67307.flac,0.3702250436567437,3979.789379148679,5426.915282488846,-355.6719,41.242332,0.19287367,43.6345,-53.541107,20.576384,-0.86110383,-29.205313,-3.2797315,-8.3844795,-19.163883,0.97803056,-8.708276,0.5417251,0.4681261,0.43055543,0.4010308,0.28011757,0.17012097,0.20766239,0.20522717,0.17504254,0.18410604,0.3640542,0.55378276
birdsounds\xc69792.flac,0.3283311336888171,4302.46207374878,6385.560866199651,-389.9959,-107.16481,-80.76701,58.66634,15.192192,-6.658003,-9.606879,6.053598,-7.6438394,3.861631,2.5591044,1.0747322,-3.7687628,0.2583539,0.2632641,0.3518427,0.47818297,0.52282876,0.749705,0.6665228,0.69282126,0.49957728,0.37290713,0.2768181,0.25032422
birdsounds\xc69855.flac,0.24686593055101375,3219.7097276816407,5381.427716491579,-291.79343,41.548805,-54.403,6.7263913,-15.8967,-1.5271919,-16.128357,-4.3621182,-10.265882,-8.99803,-14.764213,-2.54332,-3.8044295,0.46761912,0.4918295,0.4462688,0.36327183,0.28289947,0.26660752,0.29415616,0.3103199,0.3330065,0.340444,0.39825618,0.46061856
birdsounds\xc70124.flac,0.25607769691780824,3203.565032715479,5108.348325128424,-378.50034,65.069824,16.271555,26.85961,-25.931463,-2.1474836,6.4052997,-1.9036063,-4.6457477,9.159973,-4.89543,4.3942976,0.77306736,0.43975055,0.4053745,0.35581216,0.33267286,0.40684426,0.42381114,0.4337058,0.4740661,0.48246223,0.53237015,0.5189168,0.48204502
birdsounds\xc70129.flac,0.39017427884615385,4163.044166317121,6191.381494482081,-380.40988,-5.332194,-85.147385,-5.105861,-32.772125,-24.553234,-25.167727,9.463421,-11.943742,-5.463877,-12.32007,3.7826393,-4.3131175,0.3420845,0.3711108,0.301048,0.31197453,0.3400834,0.32239634,0.24988768,0.22961606,0.23925152,0.43810135,0.31431666,0.26375026
birdsounds\xc70132.flac,0.3228289947058513,3797.538898888119,5658.110667181559,-398.516,-7.725428,-95.615364,-22.58874,-36.0229,0.5778413,-13.007449,-1.5375221,1.4399323,0.9952626,1.2046752,5.232412,2.9657993,0.4694537,0.49683443,0.476447,0.44624177,0.44152296,0.41506997,0.45101315,0.4410026,0.4264248,0.46568045,0.49690044,0.49439958
birdsounds\xc71024.flac,0.3394847565874036,3750.5508251272454,5337.111834093465,-360.23325,29.050169,-70.00961,-12.065118,-55.107796,-19.739086,-29.758526,-12.521513,-18.118147,-21.645624,-16.193853,-6.4077234,-9.627948,0.3699952,0.40170962,0.41973472,0.4270354,0.41568014,0.38447914,0.31773868,0.29184774,0.31811446,0.40253755,0.45378232,0.4433477
birdsounds\xc71454.flac,0.3957439066896101,4679.54470382122,7603.765221500704,-220.38208,18.636822,0.69055486,-5.32733,-23.136492,2.2860146,-20.259779,-9.091977,-12.92983,-11.74478,-10.183044,-5.297369,-12.340477,0.44244468,0.5006512,0.5919449,0.5120225,0.44205585,0.41032693,0.49022946,0.50772405,0.42536,0.4207268,0.46031362,0.4663136
birdsounds\xc71748.flac,0.3627162468786016,4060.266595371899,5936.198654497215,-434.30936,-2.2759542,-41.725178,25.55201,-27.30159,13.053469,-1.6022652,-1.0734953,1.6453813,-5.1262007,1.4935373,-0.8147992,-1.6080133,0.5516541,0.6492592,0.6092821,0.5736662,0.57045984,0.5650062,0.52876836,0.4745488,0.44622856,0.41560668,0.40824646,0.45134866
birdsounds\xc71943.flac,0.21246479832848839,3404.8256519179504,6691.9436432594475,-435.50662,48.85359,-20.991585,-0.43166032,17.335129,7.760288,3.564798,20.535471,19.26326,10.407758,3.335238,9.548558,-3.3815458,0.5777323,0.65233266,0.59911734,0.5053644,0.44043338,0.43948975,0.50592184,0.52837586,0.4838491,0.47413528,0.47585368,0.4966279
birdsounds\xc72629.flac,0.4895515625,5801.615605441629,7771.556953125,-435.8658,-189.15741,-22.401785,63.4961,-0.19090375,-1.8746907,-21.297997,12.054004,6.191821,1.0135947,-5.7413564,9.065911,-9.578088,0.30717003,0.23596172,0.25390068,0.43876973,0.75977206,0.3269943,0.1991258,0.21506062,0.22167088,0.23745151,0.35987,0.52955043
birdsounds\xc72861.flac,0.18440226928773829,2972.7211658143883,6067.531900538544,-276.13354,77.17571,3.2056954,13.492341,2.126542,5.9027367,-1.4479574,6.896385,1.8868042,-0.57959455,-3.3060925,-1.2008682,-4.2914753,0.4101099,0.4574033,0.4627293,0.40658218,0.39827093,0.42984504,0.43264183,0.5371448,0.5833174,0.47522166,0.44659358,0.4306272
birdsounds\xc75092.flac,0.1114093294411447,1996.555745161216,3777.8640648201267,-467.94223,90.87773,-11.156191,40.179165,-21.232271,-21.097536,-19.544847,-32.217655,-26.089472,-14.526491,-18.277128,-3.6533158,0.3211682,0.36729878,0.23217909,0.16911046,0.14665024,0.17623901,0.18702352,0.21043465,0.27621502,0.42616776,0.6158023,0.6701105,0.5491361
birdsounds\xc76241.flac,0.24986965530988195,3424.548339303005,4718.776784811143,-401.39993,-82.396385,-111.18074,45.657093,31.79061,-3.566488,-9.218272,8.328943,-10.952396,-8.970076,15.54197,4.743675,-20.91566,0.05858332,0.08607349,0.17715052,0.30615452,0.33978257,0.37882432,0.44582143,0.39867643,0.249062,0.13741873,0.11519231,0.079522066
birdsounds\xc76740.flac,0.18961111393865362,2512.0730555759487,4235.751730456026,-327.25427,108.559105,-15.886873,22.04221,-36.91879,6.7578254,15.140795,-5.406899,-0.6923797,4.8052616,-3.0244231,3.7559812,-0.42408478,0.56202525,0.5455931,0.54485005,0.5665749,0.4553635,0.39732045,0.40363032,0.4561336,0.45835555,0.47008097,0.4822067,0.53131753
birdsounds\xc76742.flac,0.15523719421904958,2127.155904056694,3582.901469899086,-297.66153,129.99373,-29.710026,1.8857604,-32.21162,10.892181,9.725424,-5.534665,2.9073644,7.3389974,-0.3175155,0.89415544,-0.5483722,0.47698477,0.47501072,0.49286395,0.53224474,0.5115981,0.50708294,0.51326865,0.54572254,0.54975027,0.5579073,0.5513509,0.51324207
birdsounds\xc76760.flac,0.25358066351099234,3343.877742582766,6062.877900930314,-365.35602,65.62795,6.3516803,28.148144,-23.029425,-3.5498126,4.925307,0.58403295,-0.3475781,4.6829185,-6.5461717,2.179322,-1.995519,0.5231457,0.4960853,0.41009656,0.38945472,0.38032869,0.39033505,0.42954993,0.47162947,0.53358424,0.57677984,0.5420761,0.5261651
birdsounds\xc76761.flac,0.19771751872482377,3105.7570810792504,6351.481734445808,-378.5454,72.10869,8.293585,23.734169,-9.919741,-4.605449,-0.9838254,-1.8948365,-2.952974,4.347387,-5.2060647,3.075631,2.5845685,0.51659614,0.48263395,0.442501,0.44733858,0.48578268,0.48669127,0.49187988,0.4678165,0.5208111,0.5742904,0.57315123,0.5243943
birdsounds\xc76762.flac,0.2656827710896829,3383.0070656982953,6209.20051975494,-356.27542,66.99579,3.1569629,19.597841,-22.69086,-0.7164172,5.079923,7.864149,0.38643283,7.572392,-6.109186,-0.6020275,0.92352355,0.47770008,0.425701,0.35857803,0.3556975,0.38929057,0.40247497,0.43691155,0.50606966,0.59295344,0.62021303,0.5999554,0.571142
birdsounds\xc76765.flac,0.2558004728618421,3284.1495668318807,5733.3422645970395,-399.69464,58.54455,-4.4095836,34.149353,-20.352774,2.960125,8.10229,2.0330532,1.0531386,7.887944,-6.186063,3.0361688,-6.9624853,0.43305087,0.4180778,0.3245424,0.30083108,0.3135695,0.31909847,0.3284658,0.361275,0.40680173,0.52240366,0.59225774,0.50526416
birdsounds\xc76767.flac,0.27174499137269936,3988.1013274664115,6418.083481115797,-285.93924,18.045162,23.63392,49.568394,-22.022371,14.973145,-0.5378162,7.4536104,6.7213,7.324412,6.5460544,4.6871295,3.623832,0.49190867,0.5873273,0.64138263,0.56662977,0.48803785,0.48518512,0.51226044,0.5619988,0.49946383,0.40062755,0.402181,0.4319782
birdsounds\xc77429.flac,0.28705264176633916,3773.573423832542,6085.523738478148,-297.90884,17.156725,-16.540215,48.55427,-2.4115627,-4.2708178,1.2515038,5.9166813,-4.0053015,-1.2394791,-3.5427196,2.5780437,-2.7832716,0.34162658,0.36600393,0.38792506,0.3722572,0.3425621,0.3531012,0.38636994,0.38861176,0.4414778,0.43321255,0.37107295,0.35486105
birdsounds\xc77645.flac,0.31535161927688954,3334.4743862082223,5579.50957542242,-322.13736,93.90064,8.764539,2.6471674,-28.10308,20.808796,-27.414547,6.355801,3.8084152,-20.259604,11.758216,-14.997737,0.96382,0.38521197,0.35724613,0.40828383,0.41280496,0.42694837,0.5651074,0.69400585,0.61327726,0.45220596,0.352428,0.32135582,0.32254103
birdsounds\xc78951.flac,0.3240138647082158,4003.268357879389,6659.089916751146,-288.62103,18.727657,-23.594185,10.597615,-22.83254,-14.247885,-8.269764,-6.3794723,-25.648619,-11.286796,-3.3373542,-10.688182,-5.685178,0.4266283,0.39962322,0.4199965,0.4306942,0.45843187,0.5117275,0.53973657,0.54428184,0.5512427,0.5455478,0.43257245,0.4176132
birdsounds\xc78958.flac,0.4184870391825317,4565.506632303769,6298.13826872495,-332.1704,-27.216204,-59.580757,26.705763,-31.845514,4.018942,-21.510365,-2.7286413,-23.638292,-12.484948,-8.386459,-8.598688,-4.134149,0.19958055,0.22639547,0.25278428,0.30654222,0.37947974,0.40769306,0.4001376,0.36276495,0.372326,0.43969703,0.32215056,0.22581573
birdsounds\xc80356.flac,0.28533554667354305,3835.0064373600653,6802.493231046931,-333.92465,24.975603,-3.0983737,43.346275,12.368344,9.118897,4.4561906,0.8032566,1.9323736,4.361156,-7.5893393,0.26839465,-2.0544372,0.49516276,0.44564784,0.40482947,0.38363558,0.33220628,0.40530777,0.44792503,0.45324644,0.44523177,0.4429183,0.49647057,0.57140553
birdsounds\xc82701.flac,0.12432458314308795,2273.557373995773,4391.775129403449,-445.7854,76.36387,-53.525894,-32.00597,-20.385082,-23.700323,-32.38307,-18.946154,-21.376333,-27.371067,-18.776085,-5.657648,-1.5297996,0.43209824,0.480818,0.5370803,0.607053,0.4849519,0.4048485,0.41900474,0.3920169,0.37488106,0.3853,0.37707838,0.38679895
birdsounds\xc82715.flac,0.3568050619188126,4256.299200300395,6163.964110280311,-401.01007,-41.12196,-73.64104,10.467527,-45.748222,-17.959913,-21.975864,-17.053562,-15.683222,-13.95167,-11.305537,-5.2100577,-8.505686,0.45477828,0.43392485,0.41785356,0.46323475,0.50978494,0.46061367,0.4283032,0.43165478,0.42036378,0.43176025,0.47600895,0.4705139
birdsounds\xc82971.flac,0.10492786386395028,2004.0680570084492,3938.3157803867402,-365.80267,73.08703,-17.561584,0.5518205,-68.9184,-55.843204,-24.612778,-43.85481,-44.18668,-20.564817,-21.82573,-1.3735822,4.127041,0.40185955,0.28048968,0.20937078,0.15743047,0.14873622,0.1758203,0.3182862,0.44320214,0.50437576,0.50899184,0.49227458,0.4928593
birdsounds\xc83357.flac,0.3198104427899687,4472.779597907484,7543.038022032352,-356.04776,-80.27987,-80.857,11.914978,28.092054,19.812525,-3.196466,-13.230836,-12.356843,3.1361206,7.537581,7.653602,-3.54472,0.34102082,0.310776,0.35486352,0.39519724,0.4172943,0.40313026,0.42455575,0.41151157,0.46554643,0.44682068,0.40840045,0.39035463
birdsounds\xc83705.flac,0.3668982100813356,4439.915062760315,7228.4271240234375,-543.7595,8.29441,-0.016068237,27.51948,-21.884623,7.660454,4.4899697,-8.409036,-3.030359,-3.696086,-1.9119037,-6.0370255,-1.4725634,0.48019457,0.48537686,0.49864164,0.5399819,0.5242782,0.5078326,0.46942276,0.45022443,0.47370383,0.51155466,0.58205694,0.53179747
birdsounds\xc83760.flac,0.45540351655579825,5163.494991282985,6493.48363656672,-318.1661,-14.724691,72.631256,43.32575,-46.681736,70.82668,-42.633335,20.264812,9.812726,-15.871918,19.522596,0.07246865,-0.40384373,0.10376751,0.16596167,0.28453097,0.46567944,0.4591336,0.51107496,0.5055962,0.53135246,0.33197394,0.28281102,0.16107701,0.09281554
birdsounds\xc83894.flac,0.24373614598834326,3468.2471116485244,6361.662292480469,-523.39734,34.59621,-28.042887,21.708754,3.2834258,5.964312,2.2564535,-3.2417681,-17.190845,-2.4553397,3.3952541,-7.2155704,-10.864589,0.3250225,0.32697818,0.34401095,0.36756968,0.42413604,0.51580966,0.53419715,0.4776509,0.37231427,0.31200996,0.32205343,0.34823933
birdsounds\xc83912.flac,0.19730806911293194,2594.031807680244,3805.6388569591645,-405.33444,56.394077,-73.09145,27.38935,15.566527,-4.4374456,-11.635683,-1.4692388,-6.7473903,-15.7436905,-5.6486387,3.335726,-2.4831069,0.3463722,0.37153566,0.35775307,0.28511715,0.28105822,0.2798456,0.25976858,0.2037558,0.15748298,0.14631373,0.1938158,0.32405826
birdsounds\xc85842.flac,0.26998222736186905,3831.8519591693735,6569.0957937201565,-367.26297,3.1183379,-46.386063,-21.57927,-21.081972,-20.986109,-25.671057,0.259761,9.494009,-7.2435904,-1.1453115,22.5158,2.9934812,0.48120445,0.5894644,0.5131388,0.4298345,0.30687857,0.24462739,0.24151403,0.2374302,0.24264961,0.2623181,0.32029584,0.39936858
birdsounds\xc86327.flac,0.3884995540472525,4520.040659944263,6244.317791756721,-465.6703,-39.087902,-38.39034,28.452496,-47.95023,-5.796216,1.1759605,-7.5670033,-0.77502817,7.663311,3.9207475,6.9668965,-0.066572055,0.41474935,0.33441767,0.29657385,0.2987847,0.2972472,0.29992104,0.35111308,0.347686,0.3503249,0.40270033,0.3580995,0.35629654
birdsounds\xc89530.flac,0.17332380531478103,2873.376576639483,6124.349463247035,-299.81253,79.19014,-11.158193,16.87738,-26.563871,7.199822,-17.81193,11.37216,-12.700954,9.368306,-13.33863,1.7386531,-9.148388,0.5885514,0.5192461,0.49552134,0.5218543,0.5215987,0.5370386,0.5701417,0.6621921,0.6885035,0.65719104,0.6510251,0.61127335
birdsounds\xc89994.flac,0.08304531195946725,2139.2161011961975,5117.351320836817,-272.6778,93.05533,29.944738,34.69472,5.8491297,12.36706,0.77616215,2.4379365,-4.3961825,2.3579984,-3.2097816,1.248595,2.162144,0.45186913,0.40378237,0.39860705,0.42094412,0.44980702,0.49287048,0.5187883,0.5657092,0.56924486,0.50343055,0.46778882,0.48113778
birdsounds\xc90122.flac,0.29997597144838095,3898.038234408889,6095.4287290906705,-506.33264,-19.128935,-60.637142,-9.1513815,-60.01368,-3.341273,17.25544,5.9984508,11.321363,11.24121,1.8968285,2.7775629,-4.1863785,0.6028419,0.4993949,0.43874252,0.42590353,0.3329556,0.2883297,0.32763916,0.39624745,0.42065424,0.4670714,0.5173409,0.59620553
birdsounds\xc90977.flac,0.2838557584555827,3677.844256220088,6752.379028021852,-174.75826,46.063034,-10.739837,17.19897,-12.659745,-0.46858838,-4.4799385,-3.5266187,-2.8975465,-0.5154324,0.9885874,-0.7093481,-4.7449446,0.49373582,0.48543757,0.4708234,0.5000018,0.5114736,0.52193886,0.5113858,0.49143413,0.49292505,0.47315603,0.42366555,0.44204703
birdsounds\xc91185.flac,0.2472626002488938,3416.335253178443,6170.787169870022,-180.95549,54.864983,-3.4348903,22.853989,-11.207193,-7.6589975,6.500929,-6.1279125,-11.974928,6.4634495,-8.889795,-6.831306,1.4856133,0.3644129,0.3694514,0.35196656,0.37209088,0.39408356,0.384511,0.35698622,0.41878,0.668859,0.57397455,0.40297464,0.33696997
birdsounds\xc92264.flac,0.05711506031177662,1429.0503709545285,2761.7329915364585,-371.02637,128.75807,3.2289762,7.607121,-15.369221,-4.3021398,-21.822086,-6.44451,-19.065031,-11.308797,-21.050669,-12.6519785,-16.609129,0.31202218,0.29130194,0.22196682,0.24441975,0.30379772,0.35293946,0.41047195,0.47850838,0.48117796,0.42604497,0.29079255,0.2651916
birdsounds\xc94211.flac,0.42217597935457796,5156.969952168494,7834.245434287781,-540.19446,-104.005745,-39.695126,47.638092,12.043326,-11.151626,-12.87788,-1.4739938,11.929064,8.373015,-14.047779,-1.8513268,2.771084,0.56631577,0.458709,0.43677232,0.41509253,0.35445496,0.31704578,0.32545927,0.3451479,0.40162936,0.46818584,0.5245739,0.6442732
birdsounds\xc94212.flac,0.42185106464460786,5209.1515308391345,7901.975450158757,-559.0574,-124.608765,-28.94778,65.06978,0.27512854,-32.455486,5.825421,7.9323893,6.664972,-2.9036565,-18.135454,16.465975,4.446593,0.6894155,0.5407893,0.39303204,0.32914272,0.3080555,0.24616355,0.21224469,0.2121237,0.25175607,0.33631387,0.5449637,0.68015
birdsounds\xc94584.flac,0.04975731318981006,1468.2614469930982,2908.6681577459253,-324.60492,108.30474,-10.153129,-1.4345515,13.506904,36.921715,27.661661,10.482148,2.2624485,7.0036316,6.9682426,12.100221,6.8440037,0.50697434,0.531906,0.5884985,0.6260456,0.6133013,0.5952982,0.5204165,0.44228125,0.43246153,0.46050826,0.44342297,0.46681637
birdsounds\xc94614.flac,0.09528793501159111,1799.5659214361688,3662.5461977020163,-331.42117,129.79282,16.551884,9.669353,-13.020588,9.77765,13.966236,7.77585,-6.4448185,7.611932,-2.9375277,6.7782497,5.6734457,0.5667799,0.4769603,0.44937786,0.4164838,0.40011075,0.41294032,0.43692908,0.5011052,0.558192,0.60506254,0.6261496,0.6023217
birdsounds\xc94615.flac,0.06722849873170327,1569.871486031525,3484.1596591972307,-335.4161,134.0236,31.7794,11.5413265,-10.069772,13.244672,10.777233,5.952695,-2.3775392,3.6525433,-0.78381103,6.7835183,6.3377166,0.593093,0.5734846,0.4844018,0.38864195,0.31809217,0.29536584,0.34532562,0.45139113,0.4472914,0.4461691,0.53466237,0.5923533
birdsounds\xc94652.flac,0.4548078531154434,5576.349996961497,7194.493397004014,-654.1841,-121.294464,39.84003,32.86238,-53.120083,26.555668,12.060883,-25.094204,10.245762,12.663564,-17.784285,5.029496,11.605279,0.38207284,0.33394164,0.20717138,0.15896519,0.12914634,0.15017854,0.34740067,0.14317048,0.0862379,0.14686383,0.2541676,0.59304863
birdsounds\xc94669.flac,0.4533444695723684,5444.6355014715655,7936.583341899671,-673.17426,-96.27847,-16.95932,50.20139,-6.1572757,-13.201413,-6.5085835,14.101476,8.86045,-14.292059,-3.0949605,12.644105,-0.10937796,0.47256047,0.6485989,0.6926168,0.6626049,0.5024006,0.3723268,0.32494897,0.2809881,0.3098835,0.34193572,0.31156206,0.35560113
birdsounds\xc94958.flac,0.21248100869876071,3048.4252972770446,4408.990053771449,-505.21835,-64.11316,-125.86801,15.719504,64.79829,16.041805,-22.697996,-22.490671,-3.2237558,12.259952,11.449509,4.851143,-12.521772,0.39140525,0.32956293,0.25100896,0.19959943,0.23629446,0.38159612,0.49157062,0.5105247,0.47836247,0.41712287,0.39952415,0.39009425
birdsounds\xc94964.flac,0.37575153226693053,4772.4476103883335,7255.4489739652045,-610.4497,-127.7077,-54.05314,65.34047,16.988167,-20.754095,-12.849453,3.4765093,11.159366,9.927108,-13.470619,-5.757429,6.1274858,0.42471012,0.44269583,0.35908243,0.31432903,0.29349875,0.3145994,0.35310504,0.39248452,0.46529156,0.46381083,0.48830497,0.44817752
birdsounds\xc94967.flac,0.37617886902559927,4571.590955011485,6265.891271513854,-560.74677,-85.72029,-41.970413,57.319454,5.061887,-25.645693,0.76633567,6.785949,1.6585199,3.3414369,-8.12143,-1.5549306,5.1656733,0.4167014,0.3735163,0.3290292,0.34053218,0.33910757,0.33811453,0.33386004,0.30289346,0.3390853,0.3758786,0.4285341,0.44998318
birdsounds\xc95058.flac,0.4102766222710587,5082.374579112849,6602.897141705709,-596.2994,-118.68893,5.978398,64.121956,-52.318913,5.044096,17.438717,-7.577814,-3.311076,-0.80828553,5.844025,0.8949706,-10.009989,0.48511374,0.3546063,0.27390358,0.27685675,0.25900602,0.23615883,0.25966704,0.19661763,0.20906663,0.24362475,0.257713,0.37408456
birdsounds\xc95381.flac,0.14992745869467702,2512.460997310871,4952.984443920081,-363.88336,82.17716,-24.693602,-2.5486822,-39.614708,-9.268322,-4.1190825,-13.881195,-18.044867,-12.025235,-9.448605,-1.6590868,-2.287511,0.4968801,0.43946865,0.4516032,0.48742837,0.47875494,0.45093703,0.42267597,0.42660084,0.42029738,0.41904208,0.47278184,0.47810808
birdsounds\xc96133.flac,0.2699837250843134,3465.935557692817,6035.683842028601,-366.57687,39.693466,-34.601025,3.2235744,-37.926205,-12.261625,-7.0556684,-7.4098544,-19.790333,-2.0813267,-12.237552,-9.634611,-8.335299,0.27826685,0.3038241,0.30756813,0.33524334,0.37099385,0.36192358,0.28671297,0.41932288,0.5797088,0.4997273,0.49417475,0.34849146
birdsounds\xc98691.flac,0.18443122796252764,3056.359538129216,6262.833276259161,-432.0417,76.43953,-0.41369534,4.8913875,-5.5869107,15.663963,-6.505926,-2.7653291,-10.578543,-5.4117603,-12.363003,-6.9767103,-9.435569,0.6287446,0.61587006,0.56170774,0.56576914,0.56061095,0.58328414,0.56152314,0.5470569,0.53262275,0.5029116,0.5177342,0.57155347
birdsounds\xc98842.flac,0.40321612330594003,4341.84080394652,5993.470294252811,-389.69943,30.96306,-10.3286295,34.7473,-28.71693,22.145456,-22.640347,4.7683296,-5.0383925,-4.7392297,-4.5519576,3.576146,-2.602412,0.31983688,0.32868585,0.3144957,0.3491908,0.420718,0.3612224,0.26069513,0.22968823,0.25113282,0.28702623,0.33251664,0.36950132
birdsounds\xc98942.flac,0.12235824516535874,2230.3419834422325,4600.477114279708,-265.50455,102.08741,-13.345736,14.115172,-2.486296,8.564482,2.3673608,3.9409623,3.7243128,10.952536,3.1500585,3.5581412,-2.9569504,0.5040155,0.45551053,0.41824436,0.4271398,0.45842233,0.4664094,0.49340266,0.46975434,0.48066598,0.4727022,0.6048204,0.7685826
birdsounds\xc99072.flac,0.17588588169642858,2611.0016568597002,3903.40576171875,-569.4969,-62.66371,-126.82236,18.688274,59.122112,38.061905,-48.00723,-28.329374,15.821785,16.97504,7.0404925,-10.40678,-7.9416337,0.16094805,0.08316309,0.10075591,0.06379907,0.034927733,0.06054028,0.1464779,0.20491286,0.2841349,0.42011273,0.70611316,0.2600786
birdsounds\xc99155.flac,0.2327843969994849,3244.07671814974,5563.234652005709,-434.45563,42.127953,9.917333,57.378273,-11.784543,16.278528,11.6461935,-0.96196926,-7.5946474,-4.423578,-7.8732104,-1.9532545,1.7750794,0.5326086,0.54967856,0.51843226,0.48617104,0.4815082,0.46672386,0.4636607,0.480939,0.50404465,0.52967364,0.52803725,0.49802783
birdsounds\xc99299.flac,0.2781423237509356,3626.866718842118,5594.853219586218,-427.51978,40.251194,-11.613632,46.46604,-16.417608,3.1398056,-7.530576,5.276555,7.3579526,2.8435798,2.5515666,3.972796,9.77074,0.42655233,0.37937284,0.27630013,0.29933098,0.36979783,0.35841456,0.3832466,0.34119147,0.35116345,0.364436,0.4048493,0.429858
birdsounds\xc99357.flac,0.27326131959126143,3513.3424850303877,5176.732262899709,-377.82465,17.846224,-22.433912,74.83723,-11.058959,7.40911,-1.0469136,10.242362,1.987074,2.354923,1.6308413,0.9858756,6.9951453,0.33107707,0.3463085,0.32104704,0.29827136,0.34321728,0.32682964,0.30592963,0.32363108,0.35881656,0.34551767,0.2957886,0.30151477
birdsounds\xc99529.flac,0.19367655721362978,2621.7921410649906,4690.382287166959,-347.04544,98.41034,-11.553791,24.254234,-26.404808,3.1800807,-6.4630585,-2.3869753,-9.718854,0.52140945,-1.7995852,-2.5952845,-1.8009123,0.5158925,0.5484867,0.5168728,0.52691704,0.5417286,0.5493453,0.55053264,0.562966,0.5601547,0.5468398,0.5161593,0.4951901
